id	RsmmID	Titel	Serie	Länge	Sendezeit	Titel_Sprache	Beschreibung_Sprache	Block	MO	DI	MI	DO	FR	SA	SO	Bild
1	47166	Christus Ostern25	OFF	00:25:30	06.04.2026 00:00:00	The Christ of God gave a revelation in the Core Community of the Lord for the Building of the Kingdom of Peace of the Christ of God on Easter 2025, year 2 of the Messianic, Sophianic Age    	The Christ of God gave a revelation in the Core Community of the Lord for the Building of the Kingdom of Peace of the Christ of God on Easter 2025, year 2 of the Messianic, Sophianic Age    		False	False	False	False	False	False	False	EN_OFF_ChristusOstern25.jpg
4	09337	InnererArzt 1	MED	00:39:00	06.04.2026 00:33:00	Is the Healing Force in Your Soul(1)	Meditation - The Inner Physician and Healer - Is the Healing Force in Your Soul(1)		False	False	False	False	False	False	False	Kristall.jpg
8	27344	Sternstunden 5	MED	00:39:00	06.04.2026 01:20:00	The Light-Filled Soul in the Light of the Christ of God	Highlight Hour 05: The Light-Filled Soul in the Light of the Christ of God		False	False	False	False	False	False	False	Sternstunden05.jpg
11	36976	Die neue Landwirtschaft	GR-SON	00:32:30	06.04.2026 02:06:30	The New Agriculture under the Sign of the Messianic, Sophianic Isaiah-Land in the Work of the Deed of Love for God and Neighbor	The New Agriculture under the Sign of the Messianic, Sophianic Isaiah-Land in the Work of the Deed of Love for God and Neighbor		False	False	False	False	False	False	False	SchmetterlingUndGetreide_korr.jpg
15	23321	Klassik Seele 41b_12	KONZ1	00:11:30	06.04.2026 02:46:00	Classics for the Soul. Santec Music Orchestra	Classics for the Soul - Adagio and Allegro from the Concerto for Cello and Orchestra No. 2 in D major by Josef Haydn (Sep. 2014)		False	False	False	False	False	False	False	KlassikSeele.jpg
16	47167	Gabriele Ostern25	OFF	00:18:00	06.04.2026 02:57:30	The Seraph of Divine Wisdom gave a revelation in the Core Community of the Lord for the Building of the Kingdom of Peace of the Christ of God on Easter 2025, year 2 of the Messianic, Sophianic Age    	The Seraph of Divine Wisdom gave a revelation in the Core Community of the Lord for the Building of the Kingdom of Peace of the Christ of God on Easter 2025, year 2 of the Messianic, Sophianic Age    		False	False	False	False	False	False	False	OFF_GabrieleOstern25.jpg
18	46610	LerneBeten 1 NEU	LES	00:22:30	06.04.2026 03:21:00	Learn to Pray. In true prayer you experience God. True prayer makes you happy. Part 1	Learn to Pray. In true prayer you experience God. True prayer makes you happy. Part 1		False	False	False	False	False	False	False	EN_LerneBeten.jpg
20	41651	FGE VerbindeSei 01	FGE	00:15:00	06.04.2026 03:46:30	We Are the Free Communities - Link and Be (1)	I Am the I Am, the Law—Eternally		False	False	False	False	False	False	False	EN_FGE-VS.jpg
22	33194	SicherheitInChristus	MED	00:32:30	06.04.2026 04:05:00	Security and Safety in Christ . Given by Gabriele, the Prophetess an Emissary of the Eternal Kingdom	Security and Safety in Christ . Given by Gabriele, the Prophetess an Emissary of the Eternal Kingdom		False	False	False	False	False	False	False	SicherheitInChristus.jpg
29	30832	BetenMitfühlen	MED	00:45:00	06.04.2026 04:49:00	Prayer Meditation. To Pray Means to Empathize and Bear Responsibility	Prayer Meditation. To Pray Means to Empathize and Bear Responsibility		False	False	False	False	False	False	False	BetenMitfuehlen.jpg
31	47166	Christus Ostern25	OFF	00:25:30	06.04.2026 05:37:30	The Christ of God gave a revelation in the Core Community of the Lord for the Building of the Kingdom of Peace of the Christ of God on Easter 2025, year 2 of the Messianic, Sophianic Age    	The Christ of God gave a revelation in the Core Community of the Lord for the Building of the Kingdom of Peace of the Christ of God on Easter 2025, year 2 of the Messianic, Sophianic Age    		False	False	False	False	False	False	False	EN_OFF_ChristusOstern25.jpg
34	20914	Medikurs1 08	MED	00:33:00	06.04.2026 06:09:00	The Divine Powers of Light in Me Transform Everything	Original Christian Meditation I (8): The Divine Powers of Light in Me Transform Everything		False	False	False	False	False	False	False	Medikurs.jpg
37	02710	IhreGedanken 15 1Mo	GH	00:14:30	06.04.2026 06:48:00	Thoughts for the Day - Week 15 - Monday	Thoughts for the Day - Week 15 - Monday		False	False	False	False	False	False	False	Woche08GedankenTag.jpg
39	05483	Morgenmed. 1	MED	00:12:00	06.04.2026 07:03:00	The Light of the Young Day	Morning Meditation: The Light of the Young Day		False	False	False	False	False	False	False	ErlebeDieEinheit.jpg
42	27553	Sternstunden 4	MED	00:39:30	06.04.2026 07:18:00	Highlight Hour 04: A New Man in the Stream of Unending Love	Highlight Hour 04: A New Man in the Stream of Unending Love		False	False	False	False	False	False	False	Sternstunden_EN.jpg
45	47167	Gabriele Ostern25	OFF	00:18:00	06.04.2026 08:02:00	The Seraph of Divine Wisdom gave a revelation in the Core Community of the Lord for the Building of the Kingdom of Peace of the Christ of God on Easter 2025, year 2 of the Messianic, Sophianic Age    	The Seraph of Divine Wisdom gave a revelation in the Core Community of the Lord for the Building of the Kingdom of Peace of the Christ of God on Easter 2025, year 2 of the Messianic, Sophianic Age    		False	False	False	False	False	False	False	OFF_GabrieleOstern25.jpg
48	35304	2KiZ-08 NimmLebenHand 2KiZ	LIOS	00:12:00	06.04.2026 08:22:30	Liobani: Take your Life in Hand. 	Liobani: Take your Life in Hand. The school for New Jerusalem for another time under the sign of the Christ of God, the love for God and neighbor		False	False	False	False	False	False	False	LiobaniSchule_EN.jpg
50	40101	2KiZ-06 Erdgeist 2KiZ	LIOS	00:19:00	06.04.2026 08:36:30	Liobani: The Earth Spirits.	Liobani: The Earth Spirits. The school for New Jerusalem for another time under the sign of the Christ of God, the love for God and neighbor		False	False	False	False	False	False	False	LIO_Erdgeist.jpg
56	47166	Christus Ostern25	OFF	00:25:30	06.04.2026 09:04:30	The Christ of God gave a revelation in the Core Community of the Lord for the Building of the Kingdom of Peace of the Christ of God on Easter 2025, year 2 of the Messianic, Sophianic Age    	The Christ of God gave a revelation in the Core Community of the Lord for the Building of the Kingdom of Peace of the Christ of God on Easter 2025, year 2 of the Messianic, Sophianic Age    		False	False	False	False	False	False	False	EN_OFF_ChristusOstern25.jpg
59	09342	InnererArzt 2	MED	00:31:30	06.04.2026 09:35:00	The Spirit of Christ Is Effective in Your Breathing (2)	Meditation - The Inner Physician and Healer - The Spirit of Christ Is Effective in Your Breathing (2)		False	False	False	False	False	False	False	01 paisaje_Candeleda_17.jpg
62	27779	Sternstunden 6	MED	00:30:00	06.04.2026 10:15:00	Be Still - God Dwells in You. The Renewal of Life that Comes from Within	Highlight Hour 06: Be Still - God Dwells in You. The Renewal of Life that Comes from Within		False	False	False	False	False	False	False	ÄsteMitSchneeSonne.jpg
65	32532	ImGespräch 6	GR	00:50:00	06.04.2026 10:50:00	In Conversation with Prof. Peter Berthold, Ornithologist	In Conversation with Prof. Peter Berthold, Ornithologist		False	False	False	False	False	False	False	GesprBerthold.jpg
69	23321	Klassik Seele 41b_12	KONZ1	00:11:30	06.04.2026 11:47:00	Classics for the Soul. Santec Music Orchestra	Classics for the Soul - Adagio and Allegro from the Concerto for Cello and Orchestra No. 2 in D major by Josef Haydn (Sep. 2014)		False	False	False	False	False	False	False	KlassikSeele.jpg
70	33444	BotschaftAusDemAll 02 GolgathaOpfer	LES	01:04:30	06.04.2026 11:58:30	The Eternal Kingdom. The Deep Significance of the Sacrifice on Golgotha	The Eternal Kingdom. The Deep Significance of the Sacrifice on Golgotha		False	False	False	False	False	False	False	KreuzZeltMitGoldenePalmen.jpg
72	23320	Klassik Seele 41a_23	KONZ1	00:23:00	06.04.2026 13:06:30	Classics for the Soul. Santec Music Orchestra	Classics for the Soul - Allegro and Adagio from the Sinfonia Concertante for flute, clarinet, horn, bassoon and orchestra in ES major KV 297b by Wolfgang Amadeus Mozart (Sept.2014)		False	False	False	False	False	False	False	KlassikSeele.jpg
73	47166	Christus Ostern25	OFF	00:25:30	06.04.2026 13:29:30	The Christ of God gave a revelation in the Core Community of the Lord for the Building of the Kingdom of Peace of the Christ of God on Easter 2025, year 2 of the Messianic, Sophianic Age    	The Christ of God gave a revelation in the Core Community of the Lord for the Building of the Kingdom of Peace of the Christ of God on Easter 2025, year 2 of the Messianic, Sophianic Age    		False	False	False	False	False	False	False	EN_OFF_ChristusOstern25.jpg
76	47167	Gabriele Ostern25	OFF	00:18:00	06.04.2026 14:03:00	The Seraph of Divine Wisdom gave a revelation in the Core Community of the Lord for the Building of the Kingdom of Peace of the Christ of God on Easter 2025, year 2 of the Messianic, Sophianic Age    	The Seraph of Divine Wisdom gave a revelation in the Core Community of the Lord for the Building of the Kingdom of Peace of the Christ of God on Easter 2025, year 2 of the Messianic, Sophianic Age    		False	False	False	False	False	False	False	OFF_GabrieleOstern25.jpg
79	08205	Zuversicht 2	MED	00:10:00	06.04.2026 14:26:00	Assurance: Bundle Your Positive Thoughts Ever Anew	Assurance: Bundle Your Positive Thoughts Ever Anew		False	False	False	False	False	False	False	Löwenzahn.jpg
81	24517	Medikurs2 11	MED	00:28:00	06.04.2026 14:39:30	Original Christian Meditation: In the Holy of Holies, I am Touched by God Consciously	Original Christian Meditation: In the Holy of Holies, I am Touched by God Consciously		False	False	False	False	False	False	False	Organansprache.jpg
85	02713	IhreGedanken 15 4Do	GH	00:13:00	06.04.2026 15:11:00	Thoughts for the Day - Week 15 - Thursday	Thoughts for the Day - Week 15 - Thursday		False	False	False	False	False	False	False	Woche08GedankenTag.jpg
86	32561	Klassik Seele 53b_11	KONZ1	00:10:30	06.04.2026 15:24:00	Granada aus der Suite Espagnole op. 47 von Isaac Albeniz (Aug. 2016)	Granada aus der Suite Espagnole op. 47 von Isaac Albeniz (Aug. 2016)		False	False	False	False	False	False	False	KlassikSeele.jpg
88	47062	Christus März26	OFF	00:18:30	06.04.2026 15:35:00	The Christ of God gave a revelation in the Core Community of the Lord for the Building of the Kingdom of Peace of the Christ of God. In March 2026, year 3 of the Messianic, Sophianic Age    	The Christ of God gave a revelation in the Core Community of the Lord for the Building of the Kingdom of Peace of the Christ of God. In March 2026, year 3 of the Messianic, Sophianic Age    		False	False	False	False	False	False	False	ChristusMärz26.jpg
94	35650	1. Gebot Neu	MED	00:28:00	06.04.2026 16:02:00	The First Commandment	Meditation Prayer. The First Commandment		False	False	False	False	False	False	False	Moses10Geb.jpg
97	26292	RufGabriele 4 Herzensanliegen	SON	00:07:30	06.04.2026 16:34:00	A Prayer For Matters Close to Our Heart by Gabriele	The Call of Gabriele 04 - A Prayer For Matters Close to Our Heart by Gabriele		False	False	False	False	False	False	False	Lilie.jpg
100	46610	LerneBeten 1 NEU	LES	00:22:30	06.04.2026 16:50:30	Learn to Pray. In true prayer you experience God. True prayer makes you happy. Part 1	Learn to Pray. In true prayer you experience God. True prayer makes you happy. Part 1		False	False	False	False	False	False	False	EN_LerneBeten.jpg
103	34816	2KiZ-02 KiZ-02TüchtigerMensch 2KiZ	LIOS	00:17:00	06.04.2026 17:14:30	Liobani: Become a Capable and Useful Person.	Liobani: Become a Capable and Useful Person. The school for New Jerusalem for another time under the sign of the Christ of God, the love for God and neighbor		False	False	False	False	False	False	False	Bodenleben.jpg
106	45350	JugendProphet 04	LES	00:22:00	06.04.2026 17:35:00	The Youth and the Prophet. Part 4	The Youth and the Prophet. Part 4		False	False	False	False	False	False	False	LiobaniJugend.jpg
109	42698	GeschenkHeiligtum	SON	00:59:00	06.04.2026 18:00:00	The Gift from the Sanctum of God	The Gift from the Sanctum of God		False	False	False	False	False	False	False	EN_Geschenk.jpg
111	45515	KeinTod06Jan2026	SON	00:30:30	06.04.2026 19:03:00	A timeless program about the breakthrough of the eternal Word in our time	There is no death - The Seraph of Divine Wisdom		False	False	False	False	False	False	False	EN_KeinTod6Januar.jpg
114	47063	Gabriele März26	OFF	00:22:30	06.04.2026 19:40:00	The Seraph of Divine Wisdom gave a revelation in the Core Community of the Lord for the Building of the Kingdom of Peace of the Christ of God. In March 2026, year 3 of the Messianic, Sophianic Age    	The Seraph of Divine Wisdom gave a revelation in the Core Community of the Lord for the Building of the Kingdom of Peace of the Christ of God. In March 2026, year 3 of the Messianic, Sophianic Age    		False	False	False	False	False	False	False	GabrieleMärz26_3.jpg
117	25875	InnererWeg 02	GR-IW	00:27:30	06.04.2026 20:13:00	"Put Order in Your Life! - in Your Thoughts, Words and Deeds"	The Inner Path to the Cosmic Consciousness. Level of Order - Part 2 "Put Order in Your Life! - in Your Thoughts, Words and Deeds"		False	False	False	False	False	False	False	IW_EN.jpg
122	22537	Klassik Seele 46a_14	KONZ1	00:14:00	06.04.2026 20:48:00	Classics for the Soul. Santec Music Orchestra	Classics for the Soul - G.F. Händel, from the Water Music Suites 1-3 (Apr. 2015)		False	False	False	False	False	False	False	KlassikSeele.jpg
123	01967	TropfenLebens 	MED	00:24:00	06.04.2026 21:02:00	Drops of Life	Meditation - Drops of Life		False	False	False	False	False	False	False	1967_EN_TropfenLebens.jpg
126	09499	LassNichtLos	MED	01:00:00	06.04.2026 21:30:00	Don't Let Go - A Real Treasure from the Heavens	Don't Let Go - A Real Treasure from the Heavens		False	False	False	False	False	False	False	9499_EN_LassNichtLos.jpg
130	40956	Tatglaube	MED	00:37:30	06.04.2026 22:41:30	Healing Meditation. The Active Faith	Healing Meditation. The Active Faith		False	False	False	False	False	False	False	Tatglaube3.jpg
133	47167	Gabriele Ostern25	OFF	00:18:00	06.04.2026 23:26:30	The Seraph of Divine Wisdom gave a revelation in the Core Community of the Lord for the Building of the Kingdom of Peace of the Christ of God on Easter 2025, year 2 of the Messianic, Sophianic Age    	The Seraph of Divine Wisdom gave a revelation in the Core Community of the Lord for the Building of the Kingdom of Peace of the Christ of God on Easter 2025, year 2 of the Messianic, Sophianic Age    		False	False	False	False	False	False	False	OFF_GabrieleOstern25.jpg
140	42589	Selbsterforschtes 01 UT AR	MED	00:05:00	06.04.2026 23:50:30	Self-Examined and Experienced. From Gabriele. 1st part - with Arabic Subtitles	Self-Examined and Experienced. From Gabriele. 1st part - with Arabic Subtitles		False	False	False	False	False	False	False	
141	40740	Männerwelt Teil 1	SON	01:14:00	06.04.2026 23:55:30	The Men's World – Yesterday and Today. Part 1	The Men's World – Yesterday and Today. Part 1		False	False	False	False	False	False	False	VatikanScheutLicht.jpg
144	47063	Gabriele März26	OFF	00:22:30	07.04.2026 01:17:30	The Seraph of Divine Wisdom gave a revelation in the Core Community of the Lord for the Building of the Kingdom of Peace of the Christ of God. In March 2026, year 3 of the Messianic, Sophianic Age    	The Seraph of Divine Wisdom gave a revelation in the Core Community of the Lord for the Building of the Kingdom of Peace of the Christ of God. In March 2026, year 3 of the Messianic, Sophianic Age    		False	False	False	False	False	False	False	GabrieleMärz26_3.jpg
147	35212	Auferstehungslicht	MED	00:38:00	07.04.2026 01:46:00	Meditation Prayer. Christ, the Light of Resurrection, Is Shining in Our Souls. 	Meditation Prayer. Christ, the Light of Resurrection, Is Shining in Our Souls. 		False	False	False	False	False	False	False	Auferstehungslicht.jpg
150	40068	WortAuferstanden 02 WEB	LES	00:31:00	07.04.2026 02:30:30	The Word Has Risen and Has Been Disseminated Worldwide. 	Part 2: The World Speaks of Peace - Where Is the Peace?		False	False	False	False	False	False	False	ZellOFFBd.jpg
153	24044	DasIstMeinWort 19	LES	00:12:30	07.04.2026 03:05:00	"Jesus Feeds a Thousand People and Heals on the Sabbath"	This Is My Word - Reading Chap. 48 "Jesus Feeds a Thousand People and Heals on the Sabbath"		False	False	False	False	False	False	False	DIMW_EN-00.jpg
157	01967	TropfenLebens 	MED	00:24:00	07.04.2026 03:22:00	Drops of Life	Meditation - Drops of Life		False	False	False	False	False	False	False	1967_EN_TropfenLebens.jpg
160	29014	InnereAndacht 08	MED	00:51:00	07.04.2026 03:50:30	The All-Principle – Sending and Receiving	Inner Devotional 8 - The All-Principle – Sending and Receiving		False	False	False	False	False	False	False	InnereAndacht_EN_Neu.jpg
163	47166	Christus Ostern25	OFF	00:25:30	07.04.2026 04:47:00	The Christ of God gave a revelation in the Core Community of the Lord for the Building of the Kingdom of Peace of the Christ of God on Easter 2025, year 2 of the Messianic, Sophianic Age    	The Christ of God gave a revelation in the Core Community of the Lord for the Building of the Kingdom of Peace of the Christ of God on Easter 2025, year 2 of the Messianic, Sophianic Age    		False	False	False	False	False	False	False	EN_OFF_ChristusOstern25.jpg
167	44700	FGE Rückmeldungen 08	FGE	00:16:30	07.04.2026 05:21:00	We Read... Are You Listening? 	Empathize, Experience... Young People on the Path to Christ (08)		False	False	False	False	False	False	False	EN_FGERückmeldungen.jpg
171	22539	Klassik Seele 46c_14	KONZ1	00:14:00	07.04.2026 05:43:00	Classics for the Soul. Santec Music Orchestra	Classics for the Soul - Allegro maestoso from the Sinfonia Concertante for violin and viola in E flat major KV 364 by Wolfgang Amadeus Mozart (Apr. 2015)		False	False	False	False	False	False	False	KlassikSeele.jpg
173	24397	Medikurs2 09	MED	00:32:00	07.04.2026 05:59:30	Original Christian Meditation: I Afirm the Light in the Center of Order	Original Christian Meditation: I Afirm the Light in the Center of Order		False	False	False	False	False	False	False	Organansprache.jpg
176	02711	IhreGedanken 15 2Di	GH	00:15:00	07.04.2026 06:37:30	Thoughts for the Day - Week 15 - Tuesday	Thoughts for the Day - Week 15 - Tuesday		False	False	False	False	False	False	False	Woche08GedankenTag.jpg
179	47167	Gabriele Ostern25	OFF	00:18:00	07.04.2026 06:56:30	The Seraph of Divine Wisdom gave a revelation in the Core Community of the Lord for the Building of the Kingdom of Peace of the Christ of God on Easter 2025, year 2 of the Messianic, Sophianic Age    	The Seraph of Divine Wisdom gave a revelation in the Core Community of the Lord for the Building of the Kingdom of Peace of the Christ of God on Easter 2025, year 2 of the Messianic, Sophianic Age    		False	False	False	False	False	False	False	OFF_GabrieleOstern25.jpg
181	10792	Sternstunden 1	MED	00:26:30	07.04.2026 07:15:00	Love is the Fount of Health	Highlight Hour 01: Love is the Fount of Health		False	False	False	False	False	False	False	Sternstunden_EN.jpg
186	34456	Klassik Seele 60f_17	KONZ1	00:16:30	07.04.2026 07:48:30	Larghetto aus Frühlingssinfonie in A-Dur von J. Raff, Allegro vivace aus Sinfonie Nr. 1 in D-Dur von F. Schubert (Apr. 2017)	Larghetto aus Frühlingssinfonie in A-Dur von J. Raff, Allegro vivace aus Sinfonie Nr. 1 in D-Dur von F. Schubert (Apr. 2017)		False	False	False	False	False	False	False	KlassikSeele.jpg
191	34763	2KiZ-08 WeichenStellen1 2KiZ	LIOS	00:14:00	07.04.2026 08:15:00	Liobani: Setting a Course. 	Liobani: Setting a Course. The school for New Jerusalem for another time under the sign of the Christ of God, the love for God and neighbor		False	False	False	False	False	False	False	LiobaniSchule_EN.jpg
194	33654	JugendProphet 02	LES	00:22:00	07.04.2026 08:32:00	The Youth and the Prophet. Part 2	The Youth and the Prophet. Part 2		False	False	False	False	False	False	False	LiobaniJugend.jpg
197	24674	OzeanGottes 1	LES	00:50:00	07.04.2026 09:00:00	The All-Encompassing Cosmic Library. The All-Ocean of God. part 1	The All-Encompassing Cosmic Library. The All-Ocean of God. part 1		False	False	False	False	False	False	False	OzeanGottes.jpg
201	40156	SoWieIhrGebt Neu	MED	00:32:00	07.04.2026 09:58:00	Meditation Prayer. Just As You Give, So Will It Be Given To You	Meditation Prayer. Just As You Give, So Will It Be Given To You		False	False	False	False	False	False	False	CH60MitChristusBeten.jpg
204	33444	BotschaftAusDemAll 02 GolgathaOpfer	LES	01:04:30	07.04.2026 10:37:00	The Eternal Kingdom. The Deep Significance of the Sacrifice on Golgotha	The Eternal Kingdom. The Deep Significance of the Sacrifice on Golgotha		False	False	False	False	False	False	False	KreuzZeltMitGoldenePalmen.jpg
205	23320	Klassik Seele 41a_23	KONZ1	00:23:00	07.04.2026 11:41:30	Classics for the Soul. Santec Music Orchestra	Classics for the Soul - Allegro and Adagio from the Sinfonia Concertante for flute, clarinet, horn, bassoon and orchestra in ES major KV 297b by Wolfgang Amadeus Mozart (Sept.2014)		False	False	False	False	False	False	False	KlassikSeele.jpg
206	35212	Auferstehungslicht	MED	00:38:00	07.04.2026 12:04:30	Meditation Prayer. Christ, the Light of Resurrection, Is Shining in Our Souls. 	Meditation Prayer. Christ, the Light of Resurrection, Is Shining in Our Souls. 		False	False	False	False	False	False	False	Auferstehungslicht.jpg
211	45447	JesusKamFürTiere	LES	00:39:00	07.04.2026 12:52:00	Jesus of Nazareth Came for the Animals, too	Jesus of Nazareth Came for the Animals, too		False	False	False	False	False	False	False	EN_JesusKamTiere.jpg
215	40627	Reinkarnation 03	LES	00:28:30	07.04.2026 13:38:00	Reincarnation. Life's Gift of Grace. Part 3	Reincarnation. Life's Gift of Grace. Part 3		False	False	False	False	False	False	False	EN_Reinkarnation.jpg
218	40364	FGE Rückmeldungen 01	FGE	00:19:00	07.04.2026 14:12:00	We Read... Are You Listening? Empathize, Experience... Young People on the Path to Christ (01)	We Read... Are You Listening? Empathize, Experience... Young People on the Path to Christ (01)		False	False	False	False	False	False	False	EN_FGE_Rueckmeldungen.jpg
221	22538	Klassik Seele 46b_22	KONZ1	00:21:30	07.04.2026 14:35:30	Classics for the Soul. Santec Music Orchestra	Classics for the Soul - W.A. Mozart, Symphony No. 36 in C major KV 425 "Linz Symphony" (Apr. 2015)		False	False	False	False	False	False	False	KlassikSeele.jpg
222	47166	Christus Ostern25	OFF	00:25:30	07.04.2026 14:57:00	The Christ of God gave a revelation in the Core Community of the Lord for the Building of the Kingdom of Peace of the Christ of God on Easter 2025, year 2 of the Messianic, Sophianic Age    	The Christ of God gave a revelation in the Core Community of the Lord for the Building of the Kingdom of Peace of the Christ of God on Easter 2025, year 2 of the Messianic, Sophianic Age    		False	False	False	False	False	False	False	EN_OFF_ChristusOstern25.jpg
228	02714	IhreGedanken 15 5Fr	GH	00:14:00	07.04.2026 15:34:30	Thoughts for the Day - Week 15 - Friday	Thoughts for the Day - Week 15 - Friday		False	False	False	False	False	False	False	Woche08GedankenTag.jpg
229	29156	Klassik Seele 47e_20	KONZ1	00:19:30	07.04.2026 15:48:30	Konzert fÃ¼r Fagott und Orchester von W.A. Mozart (Mai 2015)	Konzert fÃ¼r Fagott und Orchester von W.A. Mozart (Mai 2015)		False	False	False	False	False	False	False	KlassikSeele.jpg
231	40345	AllesWasLebt	MED	00:37:00	07.04.2026 16:08:30	Meditation. We Bear Within All that Lives	Meditation. We Bear Within All that Lives		False	False	False	False	False	False	False	MED_AllesWasLebt.JPG
238	47062	Christus März26	OFF	00:18:30	07.04.2026 16:52:30	The Christ of God gave a revelation in the Core Community of the Lord for the Building of the Kingdom of Peace of the Christ of God. In March 2026, year 3 of the Messianic, Sophianic Age    	The Christ of God gave a revelation in the Core Community of the Lord for the Building of the Kingdom of Peace of the Christ of God. In March 2026, year 3 of the Messianic, Sophianic Age    		False	False	False	False	False	False	False	ChristusMärz26.jpg
247	34664	2KiZ-02 LichtUSchatten	LIOS	00:11:00	07.04.2026 17:20:30	Liobani: Light and Shadow in Soul and Person. 	The school for New Jerusalem for another time under the sign of the Christ of God, the love for God and neighbor		False	False	False	False	False	False	False	LiobaniSchule_EN.jpg
249	25591	KuckuckRuft TB	GEKK	00:11:30	07.04.2026 17:33:00	Children's Stories - Cuckoo Calls You	Children's Stories - Cuckoo Calls You		False	False	False	False	False	False	False	DerKuckuck2.jpg
253	23322	Klassik Seele 41c_09	KONZ1	00:08:30	07.04.2026 17:52:00	Classics for the Soul. Santec Music Orchestra	Classics for the Soul - Concerto for Flute, Bassoon and Orchestra in G minor RV 106 by Antonio Vivaldi (Sep.2014)		False	False	False	False	False	False	False	KlassikSeele.jpg
254	23565	LebenUSterben 02	LES	00:20:00	07.04.2026 18:00:30	Living and Dying, Reading - Part 2	Living and Dying, Reading - Part 2		False	False	False	False	False	False	False	LebenUndSterben_EN.jpg
257	33770	ChristusInUns	MED	00:37:30	07.04.2026 18:26:00	Prayer Meditation	We Turn to Christ in us		False	False	False	False	False	False	False	EN_CH92_ChristusInUns.jpg
260	43504	AuflösungFormen 2	SON	00:52:30	07.04.2026 19:08:30	 Part 2. The Preparations for the Dissolution of All Condensed Forms and the Return of the Christ of God.	Part 2: The Meaning of the Redeemer-Deed of the Christ of God and the end of the Fall		False	False	False	False	False	False	False	EN_Aufloesung.jpg
262	47166	Christus Ostern25	OFF	00:25:30	07.04.2026 20:07:00	The Christ of God gave a revelation in the Core Community of the Lord for the Building of the Kingdom of Peace of the Christ of God on Easter 2025, year 2 of the Messianic, Sophianic Age    	The Christ of God gave a revelation in the Core Community of the Lord for the Building of the Kingdom of Peace of the Christ of God on Easter 2025, year 2 of the Messianic, Sophianic Age    		False	False	False	False	False	False	False	EN_OFF_ChristusOstern25.jpg
264	35212	Auferstehungslicht	MED	00:38:00	07.04.2026 20:35:30	Meditation Prayer. Christ, the Light of Resurrection, Is Shining in Our Souls. 	Meditation Prayer. Christ, the Light of Resurrection, Is Shining in Our Souls. 		False	False	False	False	False	False	False	Auferstehungslicht.jpg
267	42203	FGE VS Les 14 Reinkarnation	FGE	00:07:00	07.04.2026 21:21:30	We Are the Free Communities - Link and Be (14)	Reincarnation—Life's Gift of Grace		False	False	False	False	False	False	False	EN_FGE-VS.jpg
274	35377	SchuleLeben 06	DWS	00:46:30	07.04.2026 21:35:00	Learn to Live with Nature and the Animals, then You Will Learn to Understand Yourself Better and Your Neighbor, as well 	The True School Is Life. Teaching Hours from the Divine Wisdom		False	False	False	False	False	False	False	DieWahreSchule.jpg
279	43483	FGE VS Les 24 WorteDesLebens2	FGE	00:08:00	07.04.2026 22:29:00	We Are the Free Communities - Link and Be (24)	Words of Life 2		False	False	False	False	False	False	False	EN_FGE-VS.jpg
281	45205	TiereHierZuHause 01	DOK	00:14:30	07.04.2026 22:37:30	"We Are at Home Here" - Animals on the Land of Peace	"We Are at Home Here" - Animals on the Land of Peace		False	False	False	False	False	False	False	EN_TiereZuHause_bearb.jpg
284	28170	BodenlebenErde	FILM	00:53:30	07.04.2026 22:57:30	Make the Connection: Planet Earth + Meat	Make the Connection: Planet Earth + Meat		False	False	False	False	False	False	False	Bodenleben2.jpg
289	43505	AuflösungFormen 3	SON	00:53:00	08.04.2026 00:00:00	Part 3. The Preparations for the Dissolution of All Condensed Forms and the Return of the Christ of God. 	Part 3: The homebringing of the children of God – back to the unity of all life and the eternal love		False	False	False	False	False	False	False	EN_Aufloesung.jpg
292	35627	SchuleLeben 11	DWS	00:16:00	08.04.2026 01:01:30	Death, Death - or Death, Life?	The True School Is Life. Teaching Hours from the Divine Wisdom		False	False	False	False	False	False	False	DuLebstNichtEin.jpg
294	47167	Gabriele Ostern25	OFF	00:18:00	08.04.2026 01:20:00	The Seraph of Divine Wisdom gave a revelation in the Core Community of the Lord for the Building of the Kingdom of Peace of the Christ of God on Easter 2025, year 2 of the Messianic, Sophianic Age    	The Seraph of Divine Wisdom gave a revelation in the Core Community of the Lord for the Building of the Kingdom of Peace of the Christ of God on Easter 2025, year 2 of the Messianic, Sophianic Age    		False	False	False	False	False	False	False	OFF_GabrieleOstern25.jpg
296	41268	DerGuteHirte	MED	00:37:00	08.04.2026 01:40:00	Meditation. The Good Shepherd, the Spirit of the Christ of God, in Every Soul	Meditation. The Good Shepherd, the Spirit of the Christ of God, in Every Soul		False	False	False	False	False	False	False	HirteUndSchafen2.jpg
299	25875	InnererWeg 02	GR-IW	00:27:30	08.04.2026 02:21:30	"Put Order in Your Life! - in Your Thoughts, Words and Deeds"	The Inner Path to the Cosmic Consciousness. Level of Order - Part 2 "Put Order in Your Life! - in Your Thoughts, Words and Deeds"		False	False	False	False	False	False	False	IW_EN.jpg
303	45447	JesusKamFürTiere	LES	00:39:00	08.04.2026 02:54:30	Jesus of Nazareth Came for the Animals, too	Jesus of Nazareth Came for the Animals, too		False	False	False	False	False	False	False	EN_JesusKamTiere.jpg
305	36074	MachtDerLiebe	LES	01:12:00	08.04.2026 03:34:30	I Pray to the Power of Love	"I Pray to the Power of Love", the reading of a Christ-Revelation from the Eternal Kingdom through the prophetess and emissary of the Eternal Kingdom, Gabriele, in September 2021		False	False	False	False	False	False	False	GPH_00.jpg
308	23202	Gottesliebe	MED	00:27:30	08.04.2026 04:53:30	The Love for God and Neighbor Heals	Meditation - The Love for God and Neighbor Heals		False	False	False	False	False	False	False	Gottesliebe.jpg
311	40617	Brottrunk	DOK	00:23:30	08.04.2026 05:28:30	 A New Agriculture for the New Era	Bread Drink - Naturally Fortifying the Soil		False	False	False	False	False	False	False	Brot.jpg
319	47166	Christus Ostern25	OFF	00:25:30	08.04.2026 06:00:00	The Christ of God gave a revelation in the Core Community of the Lord for the Building of the Kingdom of Peace of the Christ of God on Easter 2025, year 2 of the Messianic, Sophianic Age    	The Christ of God gave a revelation in the Core Community of the Lord for the Building of the Kingdom of Peace of the Christ of God on Easter 2025, year 2 of the Messianic, Sophianic Age    		False	False	False	False	False	False	False	EN_OFF_ChristusOstern25.jpg
322	26292	RufGabriele 4 Herzensanliegen	SON	00:07:30	08.04.2026 06:29:30	A Prayer For Matters Close to Our Heart by Gabriele	The Call of Gabriele 04 - A Prayer For Matters Close to Our Heart by Gabriele		False	False	False	False	False	False	False	Lilie.jpg
324	02712	IhreGedanken 15 3Mi	GH	00:14:00	08.04.2026 06:37:30	Thoughts for the Day - Week 15 - Wednesday	Thoughts for the Day - Week 15 - Wednesday		False	False	False	False	False	False	False	Woche08GedankenTag.jpg
326	02299	Vater Unser	MED	00:30:30	08.04.2026 06:52:30	The Lord's Prayer	The Lord's Prayer		False	False	False	False	False	False	False	2299_EN_VaterUnser.jpg
337	29034	Sternstunden 7	MED	00:41:30	08.04.2026 07:31:30	Go Inward - To the Source of Eternal Love an Power	Highlight Hours With Gabriele: Go Inward - To the Source of Eternal Love an Power		False	False	False	False	False	False	False	Sternstunden-08.jpg
341	35141	3KiZ-03 TagFreund	LIOS	00:17:30	08.04.2026 08:17:00	Liobani: The Day, Your Friend - the Energy of the Day. 	The school for New Jerusalem for another time under the sign of the Christ of God, the love for God and neighbor		False	False	False	False	False	False	False	LiobaniSchule_EN.jpg
343	33655	JugendProphet 03	LES	00:22:00	08.04.2026 08:36:00	The Youth and the Prophet. Part 3	The Youth and the Prophet. Part 3		False	False	False	False	False	False	False	LiobaniJugend.jpg
345	47166	Christus Ostern25	OFF	00:25:30	08.04.2026 09:00:00	The Christ of God gave a revelation in the Core Community of the Lord for the Building of the Kingdom of Peace of the Christ of God on Easter 2025, year 2 of the Messianic, Sophianic Age    	The Christ of God gave a revelation in the Core Community of the Lord for the Building of the Kingdom of Peace of the Christ of God on Easter 2025, year 2 of the Messianic, Sophianic Age    		False	False	False	False	False	False	False	EN_OFF_ChristusOstern25.jpg
348	35755	SchuleLeben 12	DWS	00:27:00	08.04.2026 09:34:00	We Learn to Focus 	The True School Is Life. Teaching Hours from the Divine Wisdom: "We Learn to Focus"   		False	False	False	False	False	False	False	Blume_Fokusieren.jpg
350	46875	GottVater Feb26	OFF	00:36:00	08.04.2026 10:03:30	God-Father gave a revelation in the Core Community of the Lord for the Building of the Kingdom of Peace of the Christ of God. In February 2026, year 3 of the Messianic, Sophianic Age    	God-Father gave a revelation in the Core Community of the Lord for the Building of the Kingdom of Peace of the Christ of God. In February 2026, year 3 of the Messianic, Sophianic Age    		False	False	False	False	False	False	False	CHFeuerSchüssel.jpg
353	33457	LernenHineinzufühlen	MED	00:28:00	08.04.2026 10:42:30	Let Us Learn To Feel Into Our Neighbor. Given by Gabriele, The Prophetess and Emissary of the Eternal Kingdom	Let Us Learn To Feel Into Our Neighbor. Given by Gabriele, The Prophetess and Emissary of the Eternal Kingdom		False	False	False	False	False	False	False	33457_EN_LernHineinzufühlen.jpg
356	25875	InnererWeg 02	GR-IW	00:27:30	08.04.2026 11:15:00	"Put Order in Your Life! - in Your Thoughts, Words and Deeds"	The Inner Path to the Cosmic Consciousness. Level of Order - Part 2 "Put Order in Your Life! - in Your Thoughts, Words and Deeds"		False	False	False	False	False	False	False	IW_EN.jpg
360	22537	Klassik Seele 46a_14	KONZ1	00:14:00	08.04.2026 11:48:00	Classics for the Soul. Santec Music Orchestra	Classics for the Soul - G.F. Händel, from the Water Music Suites 1-3 (Apr. 2015)		False	False	False	False	False	False	False	KlassikSeele.jpg
361	01967	TropfenLebens 	MED	00:24:00	08.04.2026 12:02:00	Drops of Life	Meditation - Drops of Life		False	False	False	False	False	False	False	1967_EN_TropfenLebens.jpg
364	09499	LassNichtLos	MED	01:00:00	08.04.2026 12:30:00	Don't Let Go - A Real Treasure from the Heavens	Don't Let Go - A Real Treasure from the Heavens		False	False	False	False	False	False	False	9499_EN_LassNichtLos.jpg
368	40956	Tatglaube	MED	00:37:30	08.04.2026 13:41:30	Healing Meditation. The Active Faith	Healing Meditation. The Active Faith		False	False	False	False	False	False	False	Tatglaube3.jpg
371	40509	Pflanzensude	DOK	00:20:30	08.04.2026 14:26:30	 A New Agriculture for the New Era 	Plant Brews - Fortifying Liquid for the Field		False	False	False	False	False	False	False	PflanzenSude (2).jpg
379	42589	Selbsterforschtes 01 UT AR	MED	00:05:00	08.04.2026 14:55:00	Self-Examined and Experienced. From Gabriele. 1st part - with Arabic Subtitles	Self-Examined and Experienced. From Gabriele. 1st part - with Arabic Subtitles		False	False	False	False	False	False	False	
380	20533	Medikurs1 01	MED	00:21:00	08.04.2026 15:00:00	Meditation Course 1 01	Meditation Course 1 01		False	False	False	False	False	False	False	Medikurs.jpg
384	02715	IhreGedanken 15 6Sa	GH	00:13:00	08.04.2026 15:26:30	Thoughts for the Day - Week 15 - Saturday	Thoughts for the Day - Week 15 - Saturday		False	False	False	False	False	False	False	Woche08GedankenTag.jpg
385	36575	Klassik Seele 59d_19	KONZ1	00:19:00	08.04.2026 15:39:30	Andante für Flöte und Orchester KV 315 und Allegro aperto aus Violinkonzert Nr. 5 von W.A. Mozart (Febr. 2017)			False	False	False	False	False	False	False	
387	42176	BetenEinheit	MED	00:34:30	08.04.2026 15:59:00	Meditation. Praying in Unity - For Unity	Meditation. Praying in Unity - For Unity		False	False	False	False	False	False	False	HarmoniLebenBetriebe2.jpg
393	38606	Brache	DOK	00:18:00	08.04.2026 16:42:30	A New Agriculture for the New Era	Fallow Fields - Healthy Soil, Healthy Harvest		False	False	False	False	False	False	False	BauenBruecke.jpg
397	43152	FGE VS Les 21 WorteDesLebens	FGE	00:07:30	08.04.2026 17:08:00	We Are the Free Communities - Link and Be (21)	Words of Life 1		False	False	False	False	False	False	False	EN_FGE-VS.jpg
401	34533	2KiZ-02 WasDuDeinemNa	LIOS	00:13:00	08.04.2026 17:20:00	Liobani: Whatever You Do to Your Neighbor, You Do to Yourself. 	Liobani: Whatever You Do to Your Neighbor, You Do to Yourself. The school for New Jerusalem for another time under the sign of the Christ of God, the love for God and neighbor		False	False	False	False	False	False	False	LIOS_KIZ.jpg
404	45389	JugendProphet 05	LES	00:20:30	08.04.2026 17:36:30	The Youth and the Prophet. Part 5	The Youth and the Prophet. Part 5		False	False	False	False	False	False	False	JugendProphet_bearb.jpg
407	44954	UkraineSchatz	SON	00:57:00	08.04.2026 18:00:00	Military Treasure Hunt	What the War in Ukraine Is Really About		False	False	False	False	False	False	False	EN_SON_UkraineSchatz.jpg
411	41332	BundGottTiere NEU	LES	00:15:00	08.04.2026 19:02:00	The Covenant of the All-One Creator God with the Animals - and What Preceded It	The Covenant of the All-One Creator God with the Animals - and What Preceded It		False	False	False	False	False	False	False	BundTiere_EN.jpg
414	32204	Sternstunden 09	MED	00:46:00	08.04.2026 19:22:30	Highlight Hours with Gabriele. Happiness and Health Come form Within	Highlight Hours with Gabriele. Happiness and Health Come form Within		False	False	False	False	False	False	False	Sternstunden-08.jpg
417	33444	BotschaftAusDemAll 02 GolgathaOpfer	LES	01:04:30	08.04.2026 20:15:30	The Eternal Kingdom. The Deep Significance of the Sacrifice on Golgotha	The Eternal Kingdom. The Deep Significance of the Sacrifice on Golgotha		False	False	False	False	False	False	False	KreuzZeltMitGoldenePalmen.jpg
418	23320	Klassik Seele 41a_23	KONZ1	00:23:00	08.04.2026 21:20:00	Classics for the Soul. Santec Music Orchestra	Classics for the Soul - Allegro and Adagio from the Sinfonia Concertante for flute, clarinet, horn, bassoon and orchestra in ES major KV 297b by Wolfgang Amadeus Mozart (Sept.2014)		False	False	False	False	False	False	False	KlassikSeele.jpg
419	35212	Auferstehungslicht	MED	00:38:00	08.04.2026 21:43:00	Meditation Prayer. Christ, the Light of Resurrection, Is Shining in Our Souls. 	Meditation Prayer. Christ, the Light of Resurrection, Is Shining in Our Souls. 		False	False	False	False	False	False	False	Auferstehungslicht.jpg
425	33892	Bergpredigt 03	LES	00:27:00	08.04.2026 22:31:30	The Sermon on the Mount of Jesus of Nazareth. Part 3	The Sermon on the Mount of Jesus of Nazareth. Part 3		False	False	False	False	False	False	False	Berg_EN-00.jpg
428	43161	SchuleLeben 33	DWS	00:18:30	08.04.2026 23:03:00	The True School Is Life. Teaching Hours from the Divine Wisdom: "How Is Our Life - Are we headed heavenward or toward reincarnation?"   	How Is Our Life - Are we headed heavenward or toward reincarnation?		False	False	False	False	False	False	False	MenschenStrasse.jpg
431	32166	UnserWahresSein	MED	00:27:30	08.04.2026 23:26:00	Meditation from the divine consciousness. Our True Being	Meditation from the divine consciousness. Our True Being		False	False	False	False	False	False	False	UnserWahresSein.jpg
434	44954	UkraineSchatz	SON	00:57:00	09.04.2026 00:00:00	Military Treasure Hunt	What the War in Ukraine Is Really About		False	False	False	False	False	False	False	EN_SON_UkraineSchatz.jpg
439	23724	LebenUSterben 01	LES	00:24:30	09.04.2026 01:06:00	Living and Dying, Reading - Part 1	Living and Dying, Reading - Part 1		False	False	False	False	False	False	False	LebenUndSterben_EN.jpg
442	40956	Tatglaube	MED	00:37:30	09.04.2026 01:35:30	Healing Meditation. The Active Faith	Healing Meditation. The Active Faith		False	False	False	False	False	False	False	Tatglaube3.jpg
449	33444	BotschaftAusDemAll 02 GolgathaOpfer	LES	01:04:30	09.04.2026 02:27:00	Easter 2026 The Family of God on Earth Comes Together, to Give Honor to the Christ of God, the Resurrected On		False	False	False	False	False	False	False	KreuzZeltMitGoldenePalmen.jpg
450	23320	Klassik Seele 41a_23	KONZ1	00:23:00	09.04.2026 03:31:30	Classics for the Soul. Santec Music Orchestra	Classics for the Soul - Allegro and Adagio from the Sinfonia Concertante for flute, clarinet, horn, bassoon and orchestra in ES major KV 297b by Wolfgang Amadeus Mozart (Sept.2014)		False	False	False	False	False	False	False	KlassikSeele.jpg
451	35212	Auferstehungslicht	MED	00:38:00	09.04.2026 03:54:30	Meditation Prayer. Christ, the Light of Resurrection, Is Shining in Our Souls. 	Meditation Prayer. Christ, the Light of Resurrection, Is Shining in Our Souls. 		False	False	False	False	False	False	False	Auferstehungslicht.jpg
455	42202	FGE VS Les 13 LebeAugenblick	FGE	00:07:00	09.04.2026 04:44:00	We Are the Free Communities - Link and Be (13)	Live the Moment—And You Will See and Recognize Yourself		False	False	False	False	False	False	False	EN_FGE-VS.jpg
460	35341	SchuleLeben 05	DWS	00:26:30	09.04.2026 04:53:30	My Thoughts - the Settlers	The True School Is Life. Teaching Hours from the Divine Wisdom		False	False	False	False	False	False	False	Löwenzahn12.jpg
465	43482	FGE VS Les 23 TrostNotLeid	FGE	00:07:00	09.04.2026 05:26:00	We Are the Free Communities - Link and Be (23)	Comfort in Need and Suffering		False	False	False	False	False	False	False	EN_FGE-VS.jpg
467	40509	Pflanzensude	DOK	00:20:30	09.04.2026 05:33:30	 A New Agriculture for the New Era 	Plant Brews - Fortifying Liquid for the Field		False	False	False	False	False	False	False	PflanzenSude (2).jpg
471	24517	Medikurs2 11	MED	00:28:00	09.04.2026 06:00:00	Original Christian Meditation: In the Holy of Holies, I am Touched by God Consciously	Original Christian Meditation: In the Holy of Holies, I am Touched by God Consciously		False	False	False	False	False	False	False	Organansprache.jpg
475	02713	IhreGedanken 15 4Do	GH	00:13:00	09.04.2026 06:31:30	Thoughts for the Day - Week 15 - Thursday	Thoughts for the Day - Week 15 - Thursday		False	False	False	False	False	False	False	Woche08GedankenTag.jpg
478	38557	Morgenmed. 2	MED	00:12:30	09.04.2026 06:46:00	Morning Medtation: The New Era in Coming, The Age of the Renewal of Consciousness	Morning Medtation: The New Era in Coming, The Age of the Renewal of Consciousness		False	False	False	False	False	False	False	Tagesgestaltung.jpg
479	29155	Klassik Seele 47d_16	KONZ1	00:16:00	09.04.2026 06:58:30	Andantino grazioso und Rondo Allegro aus dem Cellokonzert Nr. 9 von Luigi Boccherini, Nachtigall-Serenade von Enrico Toselli (Mai 2015)	Andantino grazioso und Rondo Allegro aus dem Cellokonzert Nr. 9 von Luigi Boccherini, Nachtigall-Serenade von Enrico Toselli (Mai 2015)		False	False	False	False	False	False	False	KlassikSeele.jpg
485	35650	1. Gebot Neu	MED	00:28:00	09.04.2026 07:21:00	The First Commandment	Meditation Prayer. The First Commandment		False	False	False	False	False	False	False	Moses10Geb.jpg
490	26292	RufGabriele 4 Herzensanliegen	SON	00:07:30	09.04.2026 07:56:30	A Prayer For Matters Close to Our Heart by Gabriele	The Call of Gabriele 04 - A Prayer For Matters Close to Our Heart by Gabriele		False	False	False	False	False	False	False	Lilie.jpg
495	34816	2KiZ-02 KiZ-02TüchtigerMensch 2KiZ	LIOS	00:17:00	09.04.2026 08:14:30	Liobani: Become a Capable and Useful Person.	Liobani: Become a Capable and Useful Person. The school for New Jerusalem for another time under the sign of the Christ of God, the love for God and neighbor		False	False	False	False	False	False	False	Bodenleben.jpg
498	45350	JugendProphet 04	LES	00:22:00	09.04.2026 08:35:00	The Youth and the Prophet. Part 4	The Youth and the Prophet. Part 4		False	False	False	False	False	False	False	LiobaniJugend.jpg
501	23565	LebenUSterben 02	LES	00:20:00	09.04.2026 09:00:00	Living and Dying, Reading - Part 2	Living and Dying, Reading - Part 2		False	False	False	False	False	False	False	LebenUndSterben_EN.jpg
504	33770	ChristusInUns	MED	00:37:30	09.04.2026 09:25:30	Prayer Meditation	We Turn to Christ in us		False	False	False	False	False	False	False	EN_CH92_ChristusInUns.jpg
507	33444	BotschaftAusDemAll 02 GolgathaOpfer	LES	01:04:30	09.04.2026 10:08:00	Easter 2026 The Family of God on Earth Comes Together, to Give Honor to the Christ of God, the Resurrected On		False	False	False	False	False	False	False	KreuzZeltMitGoldenePalmen.jpg
508	23320	Klassik Seele 41a_23	KONZ1	00:23:00	09.04.2026 11:12:30	Classics for the Soul. Santec Music Orchestra	Classics for the Soul - Allegro and Adagio from the Sinfonia Concertante for flute, clarinet, horn, bassoon and orchestra in ES major KV 297b by Wolfgang Amadeus Mozart (Sept.2014)		False	False	False	False	False	False	False	KlassikSeele.jpg
509	35212	Auferstehungslicht	MED	00:38:00	09.04.2026 11:35:30	Meditation Prayer. Christ, the Light of Resurrection, Is Shining in Our Souls. 	Meditation Prayer. Christ, the Light of Resurrection, Is Shining in Our Souls. 		False	False	False	False	False	False	False	Auferstehungslicht.jpg
513	42203	FGE VS Les 14 Reinkarnation	FGE	00:07:00	09.04.2026 12:25:00	We Are the Free Communities - Link and Be (14)	Reincarnation—Life's Gift of Grace		False	False	False	False	False	False	False	EN_FGE-VS.jpg
519	35377	SchuleLeben 06	DWS	00:46:30	09.04.2026 12:35:00	Learn to Live with Nature and the Animals, then You Will Learn to Understand Yourself Better and Your Neighbor, as well 	The True School Is Life. Teaching Hours from the Divine Wisdom		False	False	False	False	False	False	False	DieWahreSchule.jpg
524	43483	FGE VS Les 24 WorteDesLebens2	FGE	00:08:00	09.04.2026 13:29:00	We Are the Free Communities - Link and Be (24)	Words of Life 2		False	False	False	False	False	False	False	EN_FGE-VS.jpg
526	45205	TiereHierZuHause 01	DOK	00:14:30	09.04.2026 13:37:30	"We Are at Home Here" - Animals on the Land of Peace	"We Are at Home Here" - Animals on the Land of Peace		False	False	False	False	False	False	False	EN_TiereZuHause_bearb.jpg
529	28170	BodenlebenErde	FILM	00:53:30	09.04.2026 13:57:30	Make the Connection: Planet Earth + Meat	Make the Connection: Planet Earth + Meat		False	False	False	False	False	False	False	Bodenleben2.jpg
534	20612	Medikurs1 02	MED	00:25:00	09.04.2026 15:00:00	Christ Calls Me	Original Christian Meditation I (2): Christ Calls Me		False	False	False	False	False	False	False	Medikurs.jpg
537	02716	IhreGedanken 15 7So	GH	00:11:30	09.04.2026 15:29:30	Thoughts for the Day - Week 15 - Sunday	Thoughts for the Day - Week 15 - Sunday		False	False	False	False	False	False	False	Woche08GedankenTag.jpg
538	23323	Klassik Seele 41d_20	KONZ1	00:19:30	09.04.2026 15:41:00	Classics for the Soul. Santec Music Orchestra	Classics for the Soul - Liebestraum (Dreams of Love) Nr. 3 in A flat major by Franz Liszt, ""Letzte Rose" (The Last Rose) from the opera Martha by Friedrich von Flotow, Prelude from Partita No. 3 BWV 1006 by Johann Sebastian Bach and others (Sep. 2014)		False	False	False	False	False	False	False	KlassikSeele.jpg
540	35870	SchuleLeben 14	DWS	00:24:30	09.04.2026 16:01:00	Harmony is the Life of the Enterprise 	The True School Is Life. Teaching Hours from the Divine Wisdom		False	False	False	False	False	False	False	DWSharmonieBetriebe.jpg
543	23427	DasIstMeinWort 05	LES	00:28:30	09.04.2026 16:27:30	"Jesus Reproves Cruelty to a Horse"	This Is My Word - Reading Chap. 21 "Jesus Reproves Cruelty to a Horse"		False	False	False	False	False	False	False	DIMW_EN-00B.jpg
546	26949	RufGabriele 7 SchleusenGeÃ¶ffnet	SON	00:17:30	09.04.2026 16:59:30	The Sluices are Opened	The Call of Gabriele 07 - The Sluices are Opened		False	False	False	False	False	False	False	Lilie.jpg
549	41800	FGE VS Les 06 Lebensperlen	FGE	00:06:00	09.04.2026 17:23:00	We Are the Free Communities - Link and Be (6)	Pearls of Life for You		False	False	False	False	False	False	False	EN_FGE-VS.jpg
552	35107	2KiZ-04 ErkenneDichSelbst 2KiZ	LIOS	00:14:30	09.04.2026 17:31:00	The school for New Jerusalem for another time under the sign of the Christ of God, the love for God and neighbor	Liobani: Recognize yourself. 		False	False	False	False	False	False	False	Liobani2.jpg
554	34566	2KiZ-04 SaatUErnte1	LIOS	00:10:30	09.04.2026 17:47:00	Liobani: The Realm of Thoughts. 	The school for New Jerusalem for another time under the sign of the Christ of God, the love for God and neighbor		False	False	False	False	False	False	False	LIOBANI_00.jpg
557	33444	BotschaftAusDemAll 02 GolgathaOpfer	LES	01:04:30	09.04.2026 18:00:00	Easter 2026 The Family of God on Earth Comes Together, to Give Honor to the Christ of God, the Resurrected On		False	False	False	False	False	False	False	KreuzZeltMitGoldenePalmen.jpg
558	23320	Klassik Seele 41a_23	KONZ1	00:23:00	09.04.2026 19:04:30	Classics for the Soul. Santec Music Orchestra	Classics for the Soul - Allegro and Adagio from the Sinfonia Concertante for flute, clarinet, horn, bassoon and orchestra in ES major KV 297b by Wolfgang Amadeus Mozart (Sept.2014)		False	False	False	False	False	False	False	KlassikSeele.jpg
559	35212	Auferstehungslicht	MED	00:38:00	09.04.2026 19:27:30	Meditation Prayer. Christ, the Light of Resurrection, Is Shining in Our Souls. 	Meditation Prayer. Christ, the Light of Resurrection, Is Shining in Our Souls. 		False	False	False	False	False	False	False	Auferstehungslicht.jpg
563	32938	Sternstunden 12	MED	00:27:00	09.04.2026 20:14:30	Prayer for the Mother Earth, for all Forms of Life - for the Unity	Highlight hours with Gabriele. Prayer for the Mother Earth, for all Forms of Life - for the Unity		False	False	False	False	False	False	False	Sternstunden_EN.jpg
567	23564	VielVielLeben 1	LES	00:16:30	09.04.2026 20:51:00	A Lot, a Lot of Life. We are Merly Guests On Earth. Becoming Older or Being Old? Part 1	A Lot, a Lot of Life. We are Merly Guests On Earth. Becoming Older or Being Old? Part 1		False	False	False	False	False	False	False	VielVielLeben-EN_00.jpg
570	23766	VielVielLeben 2	LES	00:23:00	09.04.2026 21:10:00	A Lot, a Lot of Life. We are Merly Guests On Earth. Becoming Older or Being Old? Part 2	A Lot, a Lot of Life. We are Merly Guests On Earth. Becoming Older or Being Old? Part 2		False	False	False	False	False	False	False	VielVielLeben-EN_00.jpg
580	33444	BotschaftAusDemAll 02 GolgathaOpfer	LES	01:04:30	09.04.2026 21:39:00	Easter 2026 The Family of God on Earth Comes Together, to Give Honor to the Christ of God, the Resurrected On		False	False	False	False	False	False	False	KreuzZeltMitGoldenePalmen.jpg
581	23320	Klassik Seele 41a_23	KONZ1	00:23:00	09.04.2026 22:43:30	Classics for the Soul. Santec Music Orchestra	Classics for the Soul - Allegro and Adagio from the Sinfonia Concertante for flute, clarinet, horn, bassoon and orchestra in ES major KV 297b by Wolfgang Amadeus Mozart (Sept.2014)		False	False	False	False	False	False	False	KlassikSeele.jpg
582	35212	Auferstehungslicht	MED	00:38:00	09.04.2026 23:06:30	Meditation Prayer. Christ, the Light of Resurrection, Is Shining in Our Souls. 	Meditation Prayer. Christ, the Light of Resurrection, Is Shining in Our Souls. 		False	False	False	False	False	False	False	Auferstehungslicht.jpg
588	23461	Klassik Seele 42	KONZ1	00:54:00	10.04.2026 00:00:30	Classics for the Soul. Santec Music Orchestra	Classics for the Soul - J. S. Bach: Allegro from Violin Concerto in E major (BWV 1042), L. Boccherini: Andantino gracioso from Cello Concerto No. 9 in B flat major, A. Vivaldi: Flute Concerto in a minor (RV 108), W.A. Mozart: Largo and Allegro from Divertimento in F major (KV 138), G. Ph. Telemann: Largo and Allegro from Viola Concerto in G major, Op. 29, C. Stamitz: Andante and Allegro from Flute Concerto in G major, F. Schubert:  Ellen’s Third Song, J. S. Bach : Sheep Can Graze Safely from Cantata (BWV 208)		False	False	False	False	False	False	False	KlassikSeele.jpg
590	32203	Sternstunden 08	MED	00:38:00	10.04.2026 00:56:30	Our Physical Body: the Microcosm In Macrocosm	Highlight Hours With Gabriele. Our Physical Body: the Microcosm In Macrocosm		False	False	False	False	False	False	False	SternstundeSternen2.jpg
595	33444	BotschaftAusDemAll 02 GolgathaOpfer	LES	01:04:30	10.04.2026 01:46:00	Easter 2026 The Family of God on Earth Comes Together, to Give Honor to the Christ of God, the Resurrected On		False	False	False	False	False	False	False	KreuzZeltMitGoldenePalmen.jpg
596	23320	Klassik Seele 41a_23	KONZ1	00:23:00	10.04.2026 02:50:30	Classics for the Soul. Santec Music Orchestra	Classics for the Soul - Allegro and Adagio from the Sinfonia Concertante for flute, clarinet, horn, bassoon and orchestra in ES major KV 297b by Wolfgang Amadeus Mozart (Sept.2014)		False	False	False	False	False	False	False	KlassikSeele.jpg
597	35212	Auferstehungslicht	MED	00:38:00	10.04.2026 03:13:30	Meditation Prayer. Christ, the Light of Resurrection, Is Shining in Our Souls. 	Meditation Prayer. Christ, the Light of Resurrection, Is Shining in Our Souls. 		False	False	False	False	False	False	False	Auferstehungslicht.jpg
605	33676	Bergpredigt 02	LES	00:23:30	10.04.2026 04:05:30	The Sermon on the Mount of Jesus of Nazareth. Part 2	The Sermon on the Mount of Jesus of Nazareth. Part 2		False	False	False	False	False	False	False	Berg_EN-00.jpg
608	35172	SchuleLeben 02	DWS	00:27:30	10.04.2026 04:33:30	The Redeemer-Power of the Christ of God in Us	The True School Is Life. Teaching Hours from the Divine Wisdom		False	False	False	False	False	False	False	DieWahreSchule.jpg
611	34093	ChristusErlösung	MED	00:22:30	10.04.2026 05:05:30	Meditation Prayer. Christ Is the Redemption in Us.	Meditation Prayer. Christ Is the Redemption in Us.		False	False	False	False	False	False	False	EN_CH92ChristusErloesung.jpg
614	22538	Klassik Seele 46b_22	KONZ1	00:21:30	10.04.2026 05:34:30	Classics for the Soul. Santec Music Orchestra	Classics for the Soul - W.A. Mozart, Symphony No. 36 in C major KV 425 "Linz Symphony" (Apr. 2015)		False	False	False	False	False	False	False	KlassikSeele.jpg
616	24518	Medikurs2 12	MED	00:27:00	10.04.2026 06:00:00	Original Christian Meditation: I Feel My Inner Being; I Feel What It Wants to Express in Prayer	Original Christian Meditation: I Feel My Inner Being; I Feel What It Wants to Express in Prayer		False	False	False	False	False	False	False	Organansprache.jpg
620	02714	IhreGedanken 15 5Fr	GH	00:14:00	10.04.2026 06:34:30	Thoughts for the Day - Week 15 - Friday	Thoughts for the Day - Week 15 - Friday		False	False	False	False	False	False	False	Woche08GedankenTag.jpg
621	34451	Klassik Seele 60A_26	KONZ1	00:26:00	10.04.2026 06:48:30	Konzert für 2 Trompeten in D-Dur von F. Manfredini, Allegro aus Sinfonia concertante fÃ¼r Oboe, Klarinette, Fagott, Horn und Orchester in Es-Dur KV 297b und Laudate Dominum von W.A. Mozart (Apr. 2017)	Konzert für 2 Trompeten in D-Dur von F. Manfredini, Allegro aus Sinfonia concertante fÃ¼r Oboe, Klarinette, Fagott, Horn und Orchester in Es-Dur KV 297b und Laudate Dominum von W.A. Mozart (Apr. 2017)		False	False	False	False	False	False	False	KlassikSeele.jpg
623	40345	AllesWasLebt	MED	00:37:00	10.04.2026 07:15:00	Meditation. We Bear Within All that Lives	Meditation. We Bear Within All that Lives		False	False	False	False	False	False	False	MED_AllesWasLebt.JPG
632	26948	RufGabriele 5 KommetZuMir	SON	00:08:00	10.04.2026 08:03:30	The Call of the Christ of God: Come to Me	The Call of Gabriele 05 - The Call of the Christ of God: Come to Me		False	False	False	False	False	False	False	Lilie.jpg
642	34664	2KiZ-02 LichtUSchatten	LIOS	00:11:00	10.04.2026 08:22:00	Liobani: Light and Shadow in Soul and Person. 	The school for New Jerusalem for another time under the sign of the Christ of God, the love for God and neighbor		False	False	False	False	False	False	False	LiobaniSchule_EN.jpg
645	25591	KuckuckRuft TB	GEKK	00:11:30	10.04.2026 08:35:30	Children's Stories - Cuckoo Calls You	Children's Stories - Cuckoo Calls You		False	False	False	False	False	False	False	DerKuckuck2.jpg
648	23322	Klassik Seele 41c_09	KONZ1	00:08:30	10.04.2026 08:51:30	Classics for the Soul. Santec Music Orchestra	Classics for the Soul - Concerto for Flute, Bassoon and Orchestra in G minor RV 106 by Antonio Vivaldi (Sep.2014)		False	False	False	False	False	False	False	KlassikSeele.jpg
649	44954	UkraineSchatz	SON	00:57:00	10.04.2026 09:00:00	Military Treasure Hunt	What the War in Ukraine Is Really About		False	False	False	False	False	False	False	EN_SON_UkraineSchatz.jpg
653	41332	BundGottTiere NEU	LES	00:15:00	10.04.2026 10:02:00	The Covenant of the All-One Creator God with the Animals - and What Preceded It	The Covenant of the All-One Creator God with the Animals - and What Preceded It		False	False	False	False	False	False	False	BundTiere_EN.jpg
656	32204	Sternstunden 09	MED	00:46:00	10.04.2026 10:22:30	Highlight Hours with Gabriele. Happiness and Health Come form Within	Highlight Hours with Gabriele. Happiness and Health Come form Within		False	False	False	False	False	False	False	Sternstunden-08.jpg
659	33444	BotschaftAusDemAll 02 GolgathaOpfer	LES	01:04:30	10.04.2026 11:15:30	Easter 2026 The Family of God on Earth Comes Together, to Give Honor to the Christ of God, the Resurrected On		False	False	False	False	False	False	False	KreuzZeltMitGoldenePalmen.jpg
660	23320	Klassik Seele 41a_23	KONZ1	00:23:00	10.04.2026 12:20:00	Classics for the Soul. Santec Music Orchestra	Classics for the Soul - Allegro and Adagio from the Sinfonia Concertante for flute, clarinet, horn, bassoon and orchestra in ES major KV 297b by Wolfgang Amadeus Mozart (Sept.2014)		False	False	False	False	False	False	False	KlassikSeele.jpg
661	35212	Auferstehungslicht	MED	00:38:00	10.04.2026 12:43:00	Meditation Prayer. Christ, the Light of Resurrection, Is Shining in Our Souls. 	Meditation Prayer. Christ, the Light of Resurrection, Is Shining in Our Souls. 		False	False	False	False	False	False	False	Auferstehungslicht.jpg
667	33892	Bergpredigt 03	LES	00:27:00	10.04.2026 13:31:30	The Sermon on the Mount of Jesus of Nazareth. Part 3	The Sermon on the Mount of Jesus of Nazareth. Part 3		False	False	False	False	False	False	False	Berg_EN-00.jpg
670	43161	SchuleLeben 33	DWS	00:18:30	10.04.2026 14:03:00	The True School Is Life. Teaching Hours from the Divine Wisdom: "How Is Our Life - Are we headed heavenward or toward reincarnation?"   	How Is Our Life - Are we headed heavenward or toward reincarnation?		False	False	False	False	False	False	False	MenschenStrasse.jpg
673	32166	UnserWahresSein	MED	00:27:30	10.04.2026 14:26:00	Meditation from the divine consciousness. Our True Being	Meditation from the divine consciousness. Our True Being		False	False	False	False	False	False	False	UnserWahresSein.jpg
676	20914	Medikurs1 08	MED	00:33:00	10.04.2026 15:00:00	The Divine Powers of Light in Me Transform Everything	Original Christian Meditation I (8): The Divine Powers of Light in Me Transform Everything		False	False	False	False	False	False	False	Medikurs.jpg
679	02710	IhreGedanken 15 1Mo	GH	00:14:30	10.04.2026 15:39:00	Thoughts for the Day - Week 15 - Monday	Thoughts for the Day - Week 15 - Monday		False	False	False	False	False	False	False	Woche08GedankenTag.jpg
683	05483	Morgenmed. 1	MED	00:12:00	10.04.2026 15:58:30	The Light of the Young Day	Morning Meditation: The Light of the Young Day		False	False	False	False	False	False	False	ErlebeDieEinheit.jpg
686	27553	Sternstunden 4	MED	00:39:30	10.04.2026 16:13:30	Highlight Hour 04: A New Man in the Stream of Unending Love	Highlight Hour 04: A New Man in the Stream of Unending Love		False	False	False	False	False	False	False	Sternstunden_EN.jpg
689	23323	Klassik Seele 41d_20	KONZ1	00:19:30	10.04.2026 16:57:30	Classics for the Soul. Santec Music Orchestra	Classics for the Soul - Liebestraum (Dreams of Love) Nr. 3 in A flat major by Franz Liszt, ""Letzte Rose" (The Last Rose) from the opera Martha by Friedrich von Flotow, Prelude from Partita No. 3 BWV 1006 by Johann Sebastian Bach and others (Sep. 2014)		False	False	False	False	False	False	False	KlassikSeele.jpg
691	35304	2KiZ-08 NimmLebenHand 2KiZ	LIOS	00:12:00	10.04.2026 17:18:00	Liobani: Take your Life in Hand. 	Liobani: Take your Life in Hand. The school for New Jerusalem for another time under the sign of the Christ of God, the love for God and neighbor		False	False	False	False	False	False	False	LiobaniSchule_EN.jpg
693	40101	2KiZ-06 Erdgeist 2KiZ	LIOS	00:19:00	10.04.2026 17:32:00	Liobani: The Earth Spirits.	Liobani: The Earth Spirits. The school for New Jerusalem for another time under the sign of the Christ of God, the love for God and neighbor		False	False	False	False	False	False	False	LIO_Erdgeist.jpg
699	33444	BotschaftAusDemAll 02 GolgathaOpfer	LES	01:04:30	10.04.2026 18:00:00	Easter 2026 The Family of God on Earth Comes Together, to Give Honor to the Christ of God, the Resurrected On		False	False	False	False	False	False	False	KreuzZeltMitGoldenePalmen.jpg
700	23320	Klassik Seele 41a_23	KONZ1	00:23:00	10.04.2026 19:04:30	Classics for the Soul. Santec Music Orchestra	Classics for the Soul - Allegro and Adagio from the Sinfonia Concertante for flute, clarinet, horn, bassoon and orchestra in ES major KV 297b by Wolfgang Amadeus Mozart (Sept.2014)		False	False	False	False	False	False	False	KlassikSeele.jpg
701	35212	Auferstehungslicht	MED	00:38:00	10.04.2026 19:27:30	Meditation Prayer. Christ, the Light of Resurrection, Is Shining in Our Souls. 	Meditation Prayer. Christ, the Light of Resurrection, Is Shining in Our Souls. 		False	False	False	False	False	False	False	Auferstehungslicht.jpg
707	42323	FGE VS Les 17 Liobani	FGE	00:06:30	10.04.2026 20:16:30	We Are the Free Communities - Link and Be (17)	Liobani 		False	False	False	False	False	False	False	EN_FGE-VS.jpg
709	42325	FGE VS Les 19 SchuleLeben	FGE	00:06:30	10.04.2026 20:23:30	We Are the Free Communities - Link and Be (19)	The True School Is Life		False	False	False	False	False	False	False	EN_FGE-VS.jpg
711	42326	FGE VS Les 20 ErfülltesLeben2	FGE	00:07:30	10.04.2026 20:30:30	We Are the Free Communities - Link and Be (20)	A Fulfilled Life Into Old Age 2		False	False	False	False	False	False	False	EN_FGE-VS.jpg
714	37867	LandBlühstreifen	DOK	00:17:00	10.04.2026 20:43:00	A New Agriculture for the New Era	Blossoming Fields Full of Life!		False	False	False	False	False	False	False	DWSLebensgewinn.jpg
718	22537	Klassik Seele 46a_14	KONZ1	00:14:00	10.04.2026 21:06:00	Classics for the Soul. Santec Music Orchestra	Classics for the Soul - G.F. Händel, from the Water Music Suites 1-3 (Apr. 2015)		False	False	False	False	False	False	False	KlassikSeele.jpg
719	33444	BotschaftAusDemAll 02 GolgathaOpfer	LES	01:04:30	10.04.2026 21:20:00	Easter 2026 The Family of God on Earth Comes Together, to Give Honor to the Christ of God, the Resurrected On		False	False	False	False	False	False	False	KreuzZeltMitGoldenePalmen.jpg
720	23320	Klassik Seele 41a_23	KONZ1	00:23:00	10.04.2026 22:24:30	Classics for the Soul. Santec Music Orchestra	Classics for the Soul - Allegro and Adagio from the Sinfonia Concertante for flute, clarinet, horn, bassoon and orchestra in ES major KV 297b by Wolfgang Amadeus Mozart (Sept.2014)		False	False	False	False	False	False	False	KlassikSeele.jpg
721	35212	Auferstehungslicht	MED	00:38:00	10.04.2026 22:47:30	Meditation Prayer. Christ, the Light of Resurrection, Is Shining in Our Souls. 	Meditation Prayer. Christ, the Light of Resurrection, Is Shining in Our Souls. 		False	False	False	False	False	False	False	Auferstehungslicht.jpg
725	30582	ImGespräch 5	GR	00:20:00	10.04.2026 23:36:00	In Conversation: Prof. Dr. Mojib Latif Climate Reseracher	In Conversation: Prof. Dr. Mojib Latif Climate Reseracher		False	False	False	False	False	False	False	GersprLatif.jpg
728	23573	DasIstMeinWort 07	LES	00:26:30	11.04.2026 00:00:00	"Jesus Sends Out the Twelve"	This Is My Word - Reading Chap.17 "Jesus Sends Out the Twelve"		False	False	False	False	False	False	False	DIMW_EN-00.jpg
731	11134	Sternstunden 2	MED	00:30:30	11.04.2026 00:33:00	Freedom, Love and Unity	Highlight Hour 02: Freedom, Love and Unity		False	False	False	False	False	False	False	GuteNacht5.jpg
736	24786	VielVielLeben 6	LES	00:17:00	11.04.2026 01:15:30	A Lot, a Lot of Life. We are Merly Guests On Earth. Becoming Older or Being Old? Part 6	A Lot, a Lot of Life. We are Merly Guests On Earth. Becoming Older or Being Old? Part 6		False	False	False	False	False	False	False	VielVielLeben-EN_00.jpg
739	24733	VielVielLeben 3	LES	00:17:00	11.04.2026 01:35:00	A Lot, a Lot of Life. We are Merly Guests On Earth. Becoming Older or Being Old? Part 3	A Lot, a Lot of Life. We are Merly Guests On Earth. Becoming Older or Being Old? Part 3		False	False	False	False	False	False	False	VielVielLeben-EN_00.jpg
750	33444	BotschaftAusDemAll 02 GolgathaOpfer	LES	01:04:30	11.04.2026 02:00:00	Easter 2026 The Family of God on Earth Comes Together, to Give Honor to the Christ of God, the Resurrected On		False	False	False	False	False	False	False	KreuzZeltMitGoldenePalmen.jpg
751	23320	Klassik Seele 41a_23	KONZ1	00:23:00	11.04.2026 03:04:30	Classics for the Soul. Santec Music Orchestra	Classics for the Soul - Allegro and Adagio from the Sinfonia Concertante for flute, clarinet, horn, bassoon and orchestra in ES major KV 297b by Wolfgang Amadeus Mozart (Sept.2014)		False	False	False	False	False	False	False	KlassikSeele.jpg
752	35212	Auferstehungslicht	MED	00:38:00	11.04.2026 03:27:30	Meditation Prayer. Christ, the Light of Resurrection, Is Shining in Our Souls. 	Meditation Prayer. Christ, the Light of Resurrection, Is Shining in Our Souls. 		False	False	False	False	False	False	False	Auferstehungslicht.jpg
757	32351	Sternstunden 18	MED	00:35:00	11.04.2026 04:21:00	Highlight Hours with Gabriele: The First and Fifth Commandment of God in the Light of Christ	Highlight Hours with Gabriele: The First and Fifth Commandment of God in the Light of Christ		False	False	False	False	False	False	False	10Gebote.jpg
761	23461	Klassik Seele 42	KONZ1	00:54:00	11.04.2026 05:03:00	Classics for the Soul. Santec Music Orchestra	Classics for the Soul - J. S. Bach: Allegro from Violin Concerto in E major (BWV 1042), L. Boccherini: Andantino gracioso from Cello Concerto No. 9 in B flat major, A. Vivaldi: Flute Concerto in a minor (RV 108), W.A. Mozart: Largo and Allegro from Divertimento in F major (KV 138), G. Ph. Telemann: Largo and Allegro from Viola Concerto in G major, Op. 29, C. Stamitz: Andante and Allegro from Flute Concerto in G major, F. Schubert:  Ellen’s Third Song, J. S. Bach : Sheep Can Graze Safely from Cantata (BWV 208)		False	False	False	False	False	False	False	KlassikSeele.jpg
763	20533	Medikurs1 01	MED	00:21:00	11.04.2026 06:00:00	Meditation Course 1 01	Meditation Course 1 01		False	False	False	False	False	False	False	Medikurs.jpg
767	02715	IhreGedanken 15 6Sa	GH	00:13:00	11.04.2026 06:26:30	Thoughts for the Day - Week 15 - Saturday	Thoughts for the Day - Week 15 - Saturday		False	False	False	False	False	False	False	Woche08GedankenTag.jpg
768	36575	Klassik Seele 59d_19	KONZ1	00:19:00	11.04.2026 06:39:30	Andante für Flöte und Orchester KV 315 und Allegro aperto aus Violinkonzert Nr. 5 von W.A. Mozart (Febr. 2017)			False	False	False	False	False	False	False	
770	42176	BetenEinheit	MED	00:34:30	11.04.2026 06:59:00	Meditation. Praying in Unity - For Unity	Meditation. Praying in Unity - For Unity		False	False	False	False	False	False	False	HarmoniLebenBetriebe2.jpg
776	38606	Brache	DOK	00:18:00	11.04.2026 07:42:30	A New Agriculture for the New Era	Fallow Fields - Healthy Soil, Healthy Harvest		False	False	False	False	False	False	False	BauenBruecke.jpg
780	43152	FGE VS Les 21 WorteDesLebens	FGE	00:07:30	11.04.2026 08:08:00	We Are the Free Communities - Link and Be (21)	Words of Life 1		False	False	False	False	False	False	False	EN_FGE-VS.jpg
784	34533	2KiZ-02 WasDuDeinemNa	LIOS	00:13:00	11.04.2026 08:20:00	Liobani: Whatever You Do to Your Neighbor, You Do to Yourself. 	Liobani: Whatever You Do to Your Neighbor, You Do to Yourself. The school for New Jerusalem for another time under the sign of the Christ of God, the love for God and neighbor		False	False	False	False	False	False	False	LIOS_KIZ.jpg
787	45389	JugendProphet 05	LES	00:20:30	11.04.2026 08:36:30	The Youth and the Prophet. Part 5	The Youth and the Prophet. Part 5		False	False	False	False	False	False	False	JugendProphet_bearb.jpg
790	33444	BotschaftAusDemAll 02 GolgathaOpfer	LES	01:04:30	11.04.2026 09:00:00	Easter 2026 The Family of God on Earth Comes Together, to Give Honor to the Christ of God, the Resurrected On		False	False	False	False	False	False	False	KreuzZeltMitGoldenePalmen.jpg
791	23320	Klassik Seele 41a_23	KONZ1	00:23:00	11.04.2026 10:04:30	Classics for the Soul. Santec Music Orchestra	Classics for the Soul - Allegro and Adagio from the Sinfonia Concertante for flute, clarinet, horn, bassoon and orchestra in ES major KV 297b by Wolfgang Amadeus Mozart (Sept.2014)		False	False	False	False	False	False	False	KlassikSeele.jpg
792	35212	Auferstehungslicht	MED	00:38:00	11.04.2026 10:27:30	Meditation Prayer. Christ, the Light of Resurrection, Is Shining in Our Souls. 	Meditation Prayer. Christ, the Light of Resurrection, Is Shining in Our Souls. 		False	False	False	False	False	False	False	Auferstehungslicht.jpg
796	32938	Sternstunden 12	MED	00:27:00	11.04.2026 11:14:30	Prayer for the Mother Earth, for all Forms of Life - for the Unity	Highlight hours with Gabriele. Prayer for the Mother Earth, for all Forms of Life - for the Unity		False	False	False	False	False	False	False	Sternstunden_EN.jpg
800	23564	VielVielLeben 1	LES	00:16:30	11.04.2026 11:51:00	A Lot, a Lot of Life. We are Merly Guests On Earth. Becoming Older or Being Old? Part 1	A Lot, a Lot of Life. We are Merly Guests On Earth. Becoming Older or Being Old? Part 1		False	False	False	False	False	False	False	VielVielLeben-EN_00.jpg
803	23766	VielVielLeben 2	LES	00:23:00	11.04.2026 12:10:00	A Lot, a Lot of Life. We are Merly Guests On Earth. Becoming Older or Being Old? Part 2	A Lot, a Lot of Life. We are Merly Guests On Earth. Becoming Older or Being Old? Part 2		False	False	False	False	False	False	False	VielVielLeben-EN_00.jpg
813	33444	BotschaftAusDemAll 02 GolgathaOpfer	LES	01:04:30	11.04.2026 12:39:00	Easter 2026 The Family of God on Earth Comes Together, to Give Honor to the Christ of God, the Resurrected On		False	False	False	False	False	False	False	KreuzZeltMitGoldenePalmen.jpg
814	23320	Klassik Seele 41a_23	KONZ1	00:23:00	11.04.2026 13:43:30	Classics for the Soul. Santec Music Orchestra	Classics for the Soul - Allegro and Adagio from the Sinfonia Concertante for flute, clarinet, horn, bassoon and orchestra in ES major KV 297b by Wolfgang Amadeus Mozart (Sept.2014)		False	False	False	False	False	False	False	KlassikSeele.jpg
815	35212	Auferstehungslicht	MED	00:38:00	11.04.2026 14:06:30	Meditation Prayer. Christ, the Light of Resurrection, Is Shining in Our Souls. 	Meditation Prayer. Christ, the Light of Resurrection, Is Shining in Our Souls. 		False	False	False	False	False	False	False	Auferstehungslicht.jpg
820	24397	Medikurs2 09	MED	00:32:00	11.04.2026 15:00:00	Original Christian Meditation: I Afirm the Light in the Center of Order	Original Christian Meditation: I Afirm the Light in the Center of Order		False	False	False	False	False	False	False	Organansprache.jpg
823	02711	IhreGedanken 15 2Di	GH	00:15:00	11.04.2026 15:38:00	Thoughts for the Day - Week 15 - Tuesday	Thoughts for the Day - Week 15 - Tuesday		False	False	False	False	False	False	False	Woche08GedankenTag.jpg
827	34454	Klassik Seele 60d_15	KONZ1	00:14:30	11.04.2026 16:00:00	Allegro aus Sinfonia concertante für Oboe, Klarinette, Fagott, Horn und Orchester in Es-Dur KV 297b von W.A. Mozart (Apr. 2017)	Allegro aus Sinfonia concertante für Oboe, Klarinette, Fagott, Horn und Orchester in Es-Dur KV 297b von W.A. Mozart (Apr. 2017)		False	False	False	False	False	False	False	KlassikSeele.jpg
829	10792	Sternstunden 1	MED	00:26:30	11.04.2026 16:15:00	Love is the Fount of Health	Highlight Hour 01: Love is the Fount of Health		False	False	False	False	False	False	False	Sternstunden_EN.jpg
834	34456	Klassik Seele 60f_17	KONZ1	00:16:30	11.04.2026 16:48:30	Larghetto aus Frühlingssinfonie in A-Dur von J. Raff, Allegro vivace aus Sinfonie Nr. 1 in D-Dur von F. Schubert (Apr. 2017)	Larghetto aus Frühlingssinfonie in A-Dur von J. Raff, Allegro vivace aus Sinfonie Nr. 1 in D-Dur von F. Schubert (Apr. 2017)		False	False	False	False	False	False	False	KlassikSeele.jpg
839	34763	2KiZ-08 WeichenStellen1 2KiZ	LIOS	00:14:00	11.04.2026 17:15:00	Liobani: Setting a Course. 	Liobani: Setting a Course. The school for New Jerusalem for another time under the sign of the Christ of God, the love for God and neighbor		False	False	False	False	False	False	False	LiobaniSchule_EN.jpg
842	33654	JugendProphet 02	LES	00:22:00	11.04.2026 17:32:00	The Youth and the Prophet. Part 2	The Youth and the Prophet. Part 2		False	False	False	False	False	False	False	LiobaniJugend.jpg
845	40068	WortAuferstanden 02 WEB	LES	00:31:00	11.04.2026 18:00:00	The Word Has Risen and Has Been Disseminated Worldwide. 	Part 2: The World Speaks of Peace - Where Is the Peace?		False	False	False	False	False	False	False	ZellOFFBd.jpg
848	09342	InnererArzt 2	MED	00:31:30	11.04.2026 18:38:30	The Spirit of Christ Is Effective in Your Breathing (2)	Meditation - The Inner Physician and Healer - The Spirit of Christ Is Effective in Your Breathing (2)		False	False	False	False	False	False	False	01 paisaje_Candeleda_17.jpg
851	27779	Sternstunden 6	MED	00:30:00	11.04.2026 19:18:30	Be Still - God Dwells in You. The Renewal of Life that Comes from Within	Highlight Hour 06: Be Still - God Dwells in You. The Renewal of Life that Comes from Within		False	False	False	False	False	False	False	ÄsteMitSchneeSonne.jpg
854	32532	ImGespräch 6	GR	00:50:00	11.04.2026 19:53:30	In Conversation with Prof. Peter Berthold, Ornithologist	In Conversation with Prof. Peter Berthold, Ornithologist		False	False	False	False	False	False	False	GesprBerthold.jpg
858	23321	Klassik Seele 41b_12	KONZ1	00:11:30	11.04.2026 20:50:30	Classics for the Soul. Santec Music Orchestra	Classics for the Soul - Adagio and Allegro from the Concerto for Cello and Orchestra No. 2 in D major by Josef Haydn (Sep. 2014)		False	False	False	False	False	False	False	KlassikSeele.jpg
859	33444	BotschaftAusDemAll 02 GolgathaOpfer	LES	01:04:30	11.04.2026 21:02:00	Easter 2026 The Family of God on Earth Comes Together, to Give Honor to the Christ of God, the Resurrected On		False	False	False	False	False	False	False	KreuzZeltMitGoldenePalmen.jpg
860	23320	Klassik Seele 41a_23	KONZ1	00:23:00	11.04.2026 22:06:30	Classics for the Soul. Santec Music Orchestra	Classics for the Soul - Allegro and Adagio from the Sinfonia Concertante for flute, clarinet, horn, bassoon and orchestra in ES major KV 297b by Wolfgang Amadeus Mozart (Sept.2014)		False	False	False	False	False	False	False	KlassikSeele.jpg
861	35212	Auferstehungslicht	MED	00:38:00	11.04.2026 22:29:30	Meditation Prayer. Christ, the Light of Resurrection, Is Shining in Our Souls. 	Meditation Prayer. Christ, the Light of Resurrection, Is Shining in Our Souls. 		False	False	False	False	False	False	False	Auferstehungslicht.jpg
865	36976	Die neue Landwirtschaft	GR-SON	00:32:30	11.04.2026 23:19:00	The New Agriculture under the Sign of the Messianic, Sophianic Isaiah-Land in the Work of the Deed of Love for God and Neighbor	The New Agriculture under the Sign of the Messianic, Sophianic Isaiah-Land in the Work of the Deed of Love for God and Neighbor		False	False	False	False	False	False	False	SchmetterlingUndGetreide_korr.jpg
869	35395	BotschaftAusDemAll 05	LES	00:24:30	12.04.2026 00:00:00	The Eternal Kingdom: "Use the Precious Time!"	A reading of a revelation of the Christ of God "Use the Precious Time,"		False	False	False	False	False	False	False	Band.jpg
873	41381	LiebtUntereinander	MED	00:28:00	12.04.2026 00:30:30	Meditation. Love one Another and All the Creatures of God	Meditation. Love one Another and All the Creatures of God		False	False	False	False	False	False	False	EN_MED_LiebtEuch.jpg
877	37541	SchuleLeben 22	DWS	00:18:30	12.04.2026 01:06:30	The True School Is Life. Teaching Hours from the Divine Wisdom: "Let Us Learn to Question Ourselves"   	Let Us Learn to Question Ourselves		False	False	False	False	False	False	False	Aphorismen.jpg
881	33892	Bergpredigt 03	LES	00:27:00	12.04.2026 01:31:00	The Sermon on the Mount of Jesus of Nazareth. Part 3	The Sermon on the Mount of Jesus of Nazareth. Part 3		False	False	False	False	False	False	False	Berg_EN-00.jpg
884	22614	LebenFüchsen	FILM	00:18:00	12.04.2026 02:01:30	Documentary: More than Friends: A Life Among the Foxes	Documentary: More than Friends: A Life Among the Foxes		False	False	False	False	False	False	False	LebenFuechsen.jpg
887	42205	FGE VS Les 16 LassNichtLos	FGE	00:06:30	12.04.2026 02:22:00	We Are the Free Communities - Link and Be (16)	Don't Let Go!		False	False	False	False	False	False	False	EN_FGE-VS.jpg
889	42324	FGE VS Les 18 GroKosLehren	FGE	00:08:00	12.04.2026 02:29:00	We Are the Free Communities - Link and Be (18)	The Great Cosmic Teachings of Jesus of Nazareth		False	False	False	False	False	False	False	EN_FGE-VS.jpg
891	42325	FGE VS Les 19 SchuleLeben	FGE	00:06:30	12.04.2026 02:37:30	We Are the Free Communities - Link and Be (19)	The True School Is Life		False	False	False	False	False	False	False	EN_FGE-VS.jpg
894	22538	Klassik Seele 46b_22	KONZ1	00:21:30	12.04.2026 02:52:30	Classics for the Soul. Santec Music Orchestra	Classics for the Soul - W.A. Mozart, Symphony No. 36 in C major KV 425 "Linz Symphony" (Apr. 2015)		False	False	False	False	False	False	False	KlassikSeele.jpg
897	33444	BotschaftAusDemAll 02 GolgathaOpfer	LES	01:04:30	12.04.2026 03:19:30	Easter 2026 The Family of God on Earth Comes Together, to Give Honor to the Christ of God, the Resurrected On		False	False	False	False	False	False	False	KreuzZeltMitGoldenePalmen.jpg
898	23320	Klassik Seele 41a_23	KONZ1	00:23:00	12.04.2026 04:24:00	Classics for the Soul. Santec Music Orchestra	Classics for the Soul - Allegro and Adagio from the Sinfonia Concertante for flute, clarinet, horn, bassoon and orchestra in ES major KV 297b by Wolfgang Amadeus Mozart (Sept.2014)		False	False	False	False	False	False	False	KlassikSeele.jpg
899	35212	Auferstehungslicht	MED	00:38:00	12.04.2026 04:47:00	Meditation Prayer. Christ, the Light of Resurrection, Is Shining in Our Souls. 	Meditation Prayer. Christ, the Light of Resurrection, Is Shining in Our Souls. 		False	False	False	False	False	False	False	Auferstehungslicht.jpg
903	30582	ImGespräch 5	GR	00:20:00	12.04.2026 05:35:30	In Conversation: Prof. Dr. Mojib Latif Climate Reseracher	In Conversation: Prof. Dr. Mojib Latif Climate Reseracher		False	False	False	False	False	False	False	GersprLatif.jpg
906	20612	Medikurs1 02	MED	00:25:00	12.04.2026 06:00:00	Christ Calls Me	Original Christian Meditation I (2): Christ Calls Me		False	False	False	False	False	False	False	Medikurs.jpg
909	02716	IhreGedanken 15 7So	GH	00:11:30	12.04.2026 06:29:30	Thoughts for the Day - Week 15 - Sunday	Thoughts for the Day - Week 15 - Sunday		False	False	False	False	False	False	False	Woche08GedankenTag.jpg
910	23323	Klassik Seele 41d_20	KONZ1	00:19:30	12.04.2026 06:41:00	Classics for the Soul. Santec Music Orchestra	Classics for the Soul - Liebestraum (Dreams of Love) Nr. 3 in A flat major by Franz Liszt, ""Letzte Rose" (The Last Rose) from the opera Martha by Friedrich von Flotow, Prelude from Partita No. 3 BWV 1006 by Johann Sebastian Bach and others (Sep. 2014)		False	False	False	False	False	False	False	KlassikSeele.jpg
912	35870	SchuleLeben 14	DWS	00:24:30	12.04.2026 07:01:00	Harmony is the Life of the Enterprise 	The True School Is Life. Teaching Hours from the Divine Wisdom		False	False	False	False	False	False	False	DWSharmonieBetriebe.jpg
915	23427	DasIstMeinWort 05	LES	00:28:30	12.04.2026 07:27:30	"Jesus Reproves Cruelty to a Horse"	This Is My Word - Reading Chap. 21 "Jesus Reproves Cruelty to a Horse"		False	False	False	False	False	False	False	DIMW_EN-00B.jpg
918	26949	RufGabriele 7 SchleusenGeÃ¶ffnet	SON	00:17:30	12.04.2026 07:59:30	The Sluices are Opened	The Call of Gabriele 07 - The Sluices are Opened		False	False	False	False	False	False	False	Lilie.jpg
921	41800	FGE VS Les 06 Lebensperlen	FGE	00:06:00	12.04.2026 08:23:00	We Are the Free Communities - Link and Be (6)	Pearls of Life for You		False	False	False	False	False	False	False	EN_FGE-VS.jpg
924	35107	2KiZ-04 ErkenneDichSelbst 2KiZ	LIOS	00:14:30	12.04.2026 08:31:00	The school for New Jerusalem for another time under the sign of the Christ of God, the love for God and neighbor	Liobani: Recognize yourself. 		False	False	False	False	False	False	False	Liobani2.jpg
926	34566	2KiZ-04 SaatUErnte1	LIOS	00:10:30	12.04.2026 08:47:00	Liobani: The Realm of Thoughts. 	The school for New Jerusalem for another time under the sign of the Christ of God, the love for God and neighbor		False	False	False	False	False	False	False	LIOBANI_00.jpg
929	33444	BotschaftAusDemAll 02 GolgathaOpfer	LES	01:04:30	12.04.2026 09:00:00	Easter 2026 The Family of God on Earth Comes Together, to Give Honor to the Christ of God, the Resurrected On		False	False	False	False	False	False	False	KreuzZeltMitGoldenePalmen.jpg
930	23320	Klassik Seele 41a_23	KONZ1	00:23:00	12.04.2026 10:04:30	Classics for the Soul. Santec Music Orchestra	Classics for the Soul - Allegro and Adagio from the Sinfonia Concertante for flute, clarinet, horn, bassoon and orchestra in ES major KV 297b by Wolfgang Amadeus Mozart (Sept.2014)		False	False	False	False	False	False	False	KlassikSeele.jpg
931	35212	Auferstehungslicht	MED	00:38:00	12.04.2026 10:27:30	Meditation Prayer. Christ, the Light of Resurrection, Is Shining in Our Souls. 	Meditation Prayer. Christ, the Light of Resurrection, Is Shining in Our Souls. 		False	False	False	False	False	False	False	Auferstehungslicht.jpg
937	42323	FGE VS Les 17 Liobani	FGE	00:06:30	12.04.2026 11:16:30	We Are the Free Communities - Link and Be (17)	Liobani 		False	False	False	False	False	False	False	EN_FGE-VS.jpg
939	42325	FGE VS Les 19 SchuleLeben	FGE	00:06:30	12.04.2026 11:23:30	We Are the Free Communities - Link and Be (19)	The True School Is Life		False	False	False	False	False	False	False	EN_FGE-VS.jpg
941	42326	FGE VS Les 20 ErfülltesLeben2	FGE	00:07:30	12.04.2026 11:30:30	We Are the Free Communities - Link and Be (20)	A Fulfilled Life Into Old Age 2		False	False	False	False	False	False	False	EN_FGE-VS.jpg
944	37867	LandBlühstreifen	DOK	00:17:00	12.04.2026 11:43:00	A New Agriculture for the New Era	Blossoming Fields Full of Life!		False	False	False	False	False	False	False	DWSLebensgewinn.jpg
948	22537	Klassik Seele 46a_14	KONZ1	00:14:00	12.04.2026 12:06:00	Classics for the Soul. Santec Music Orchestra	Classics for the Soul - G.F. Händel, from the Water Music Suites 1-3 (Apr. 2015)		False	False	False	False	False	False	False	KlassikSeele.jpg
949	33444	BotschaftAusDemAll 02 GolgathaOpfer	LES	01:04:30	12.04.2026 12:20:00	Easter 2026 The Family of God on Earth Comes Together, to Give Honor to the Christ of God, the Resurrected On		False	False	False	False	False	False	False	KreuzZeltMitGoldenePalmen.jpg
950	23320	Klassik Seele 41a_23	KONZ1	00:23:00	12.04.2026 13:24:30	Classics for the Soul. Santec Music Orchestra	Classics for the Soul - Allegro and Adagio from the Sinfonia Concertante for flute, clarinet, horn, bassoon and orchestra in ES major KV 297b by Wolfgang Amadeus Mozart (Sept.2014)		False	False	False	False	False	False	False	KlassikSeele.jpg
951	35212	Auferstehungslicht	MED	00:38:00	12.04.2026 13:47:30	Meditation Prayer. Christ, the Light of Resurrection, Is Shining in Our Souls. 	Meditation Prayer. Christ, the Light of Resurrection, Is Shining in Our Souls. 		False	False	False	False	False	False	False	Auferstehungslicht.jpg
955	30582	ImGespräch 5	GR	00:20:00	12.04.2026 14:36:00	In Conversation: Prof. Dr. Mojib Latif Climate Reseracher	In Conversation: Prof. Dr. Mojib Latif Climate Reseracher		False	False	False	False	False	False	False	GersprLatif.jpg
958	24398	Medikurs2 10	MED	00:33:00	12.04.2026 15:00:00	Original Christian Meditation: What Still Moves Me, I Lay Down Beore the Gate to the Holy of Holies	Original Christian Meditation: What Still Moves Me, I Lay Down Beore the Gate to the Holy of Holies		False	False	False	False	False	False	False	Organansprache.jpg
962	02712	IhreGedanken 15 3Mi	GH	00:14:00	12.04.2026 15:37:30	Thoughts for the Day - Week 15 - Wednesday	Thoughts for the Day - Week 15 - Wednesday		False	False	False	False	False	False	False	Woche08GedankenTag.jpg
964	02299	Vater Unser	MED	00:30:30	12.04.2026 15:52:30	The Lord's Prayer	The Lord's Prayer		False	False	False	False	False	False	False	2299_EN_VaterUnser.jpg
975	29034	Sternstunden 7	MED	00:41:30	12.04.2026 16:31:30	Go Inward - To the Source of Eternal Love an Power	Highlight Hours With Gabriele: Go Inward - To the Source of Eternal Love an Power		False	False	False	False	False	False	False	Sternstunden-08.jpg
979	35141	3KiZ-03 TagFreund	LIOS	00:17:30	12.04.2026 17:17:00	Liobani: The Day, Your Friend - the Energy of the Day. 	The school for New Jerusalem for another time under the sign of the Christ of God, the love for God and neighbor		False	False	False	False	False	False	False	LiobaniSchule_EN.jpg
981	33655	JugendProphet 03	LES	00:22:00	12.04.2026 17:36:00	The Youth and the Prophet. Part 3	The Youth and the Prophet. Part 3		False	False	False	False	False	False	False	LiobaniJugend.jpg
983	24674	OzeanGottes 1	LES	00:50:00	12.04.2026 18:00:00	The All-Encompassing Cosmic Library. The All-Ocean of God. part 1	The All-Encompassing Cosmic Library. The All-Ocean of God. part 1		False	False	False	False	False	False	False	OzeanGottes.jpg
987	40156	SoWieIhrGebt Neu	MED	00:32:00	12.04.2026 18:58:00	Meditation Prayer. Just As You Give, So Will It Be Given To You	Meditation Prayer. Just As You Give, So Will It Be Given To You		False	False	False	False	False	False	False	CH60MitChristusBeten.jpg
990	33444	BotschaftAusDemAll 02 GolgathaOpfer	LES	01:04:30	12.04.2026 19:37:00	Easter 2026 The Family of God on Earth Comes Together, to Give Honor to the Christ of God, the Resurrected On		False	False	False	False	False	False	False	KreuzZeltMitGoldenePalmen.jpg
991	23320	Klassik Seele 41a_23	KONZ1	00:23:00	12.04.2026 20:41:30	Classics for the Soul. Santec Music Orchestra	Classics for the Soul - Allegro and Adagio from the Sinfonia Concertante for flute, clarinet, horn, bassoon and orchestra in ES major KV 297b by Wolfgang Amadeus Mozart (Sept.2014)		False	False	False	False	False	False	False	KlassikSeele.jpg
992	35212	Auferstehungslicht	MED	00:38:00	12.04.2026 21:04:30	Meditation Prayer. Christ, the Light of Resurrection, Is Shining in Our Souls. 	Meditation Prayer. Christ, the Light of Resurrection, Is Shining in Our Souls. 		False	False	False	False	False	False	False	Auferstehungslicht.jpg
996	45447	JesusKamFürTiere	LES	00:39:00	12.04.2026 21:50:30	Jesus of Nazareth Came for the Animals, too	Jesus of Nazareth Came for the Animals, too		False	False	False	False	False	False	False	EN_JesusKamTiere.jpg
1000	40627	Reinkarnation 03	LES	00:28:30	12.04.2026 22:37:00	Reincarnation. Life's Gift of Grace. Part 3	Reincarnation. Life's Gift of Grace. Part 3		False	False	False	False	False	False	False	EN_Reinkarnation.jpg
1004	40364	FGE Rückmeldungen 01	FGE	00:19:00	12.04.2026 23:14:00	We Read... Are You Listening? Empathize, Experience... Young People on the Path to Christ (01)	We Read... Are You Listening? Empathize, Experience... Young People on the Path to Christ (01)		False	False	False	False	False	False	False	EN_FGE_Rueckmeldungen.jpg
1008	22538	Klassik Seele 46b_22	KONZ1	00:21:30	12.04.2026 23:38:30	Classics for the Soul. Santec Music Orchestra	Classics for the Soul - W.A. Mozart, Symphony No. 36 in C major KV 425 "Linz Symphony" (Apr. 2015)		False	False	False	False	False	False	False	KlassikSeele.jpg